"line_number","stop_name"
"1","Wzgórza Krzesławickie"
"1","Jarzębiny"
"1","Darwina"
"1","Wiadukty"
"1","Wańkowicza"
"1","Kocmyrzowska"
"1","Teatr Ludowy"
"1","Rondo Kocmyrzowskie im. Ks. Gorzelanego"
"1","Bieńczycka"
"1","Rondo Czyżyńskie"
"1","Centralna"
"1","Nowohucka"
"1","M1 Al. Pokoju"
"1","TAURON Arena Kraków Al. Pokoju"
"1","Kraków Plaza"
"1","Dąbie"
"1","Ofiar Dąbia"
"1","Fabryczna"
"1","Francesco Nullo"
"1","Teatr Variété"
"1","Rondo Grzegórzeckie"
"1","Hala Targowa"
"1","Starowiślna"
"1","Poczta Główna"
"1","Plac Wszystkich Świętych"
"1","Filharmonia"
"1","Jubilat"
"1","Komorowskiego"
"1","Salwator"
"2","Salwator"
"2","Salwator"
"2","Komorowskiego"
"2","Jubilat"
"2","Filharmonia"
"2","Teatr Bagatela"
"2","Basztowa LOT"
"2","Dworzec Główny"
"2","Lubicz"
"2","Uniwersytet Ekonomiczny"
"2","Rakowicka"
"3","Nowy Bieżanów"
"3","Ćwiklińskiej"
"3","Nowy Prokocim"
"3","Teligi"
"3","Prokocim Szpital"
"3","Prokocim"
"3","Wlotowa"
"3","Bieżanowska"
"3","Kabel"
"3","Dworcowa"
"3","Cmentarz Podgórski"
"3","Powstańców Wielkopolskich"
"3","Plac Bohaterów Getta"
"3","Św.Wawrzyńca"
"3","Miodowa"
"3","Starowiślna"
"3","Poczta Główna"
"3","Dworzec Główny"
"3","Dworzec Główny Zachód"
"3","Politechnika"
"4","Wzgórza Krzesławickie"
"4","Jarzębiny"
"4","Darwina"
"4","Wiadukty"
"4","Elektromontaż"
"4","Zajezdnia Nowa Huta"
"4","Kombinat"
"4","Struga"
"4","Plac Centralny im. R.Reagana"
"4","Os.Kolorowe"
"4","Rondo Czyżyńskie"
"4","Czyżyny"
"4","Stella-Sawickiego"
"4","AWF"
"4","Muzeum Lotnictwa"
"4","Wieczysta"
"4","Białucha"
"4","Cystersów"
"4","Rondo Mogilskie"
"4","Lubicz"
"4","Dworzec Główny"
"4","Basztowa LOT"
"4","Teatr Bagatela"
"4","Batorego"
"4","Plac Inwalidów"
"4","Urzędnicza"
"4","Biprostal"
"4","Uniwersytet Pedagogiczny"
"4","Głowackiego"
"4","Bronowice"
"4","Wesele"
"4","Balicka Wiadukt"
"6","Kurdwanów"
"6","Witosa"
"6","Nowosądecka"
"6","Piaski Nowe"
"6","Dauna"
"6","Bieżanowska"
"6","Kabel"
"6","Dworcowa"
"6","Cmentarz Podgórski"
"6","Powstańców Wielkopolskich"
"6","Limanowskiego"
"6","Korona"
"6","Plac Wolnica"
"6","Stradom"
"6","Wawel"
"6","Św.Gertrudy"
"6","Plac Wszystkich Świętych"
"6","Filharmonia"
"6","Jubilat"
"6","Komorowskiego"
"6","Salwator"
"7","Dworzec Towarowy"
"7","Nowy Kleparz"
"7","Pędzichów"
"7","Basztowa LOT"
"7","Dworzec Główny"
"7","Lubicz"
"7","Rondo Mogilskie"
"7","Rondo Grzegórzeckie"
"7","Teatr Variété"
"7","Francesco Nullo"
"7","Fabryczna"
"7","Ofiar Dąbia"
"8","Borek Fałęcki"
"8","Borek Fałęcki I"
"8","Solvay"
"8","Sanktuarium Bożego Miłosierdzia"
"8","Łagiewniki"
"8","Rzemieślnicza"
"8","Rondo Matecznego"
"8","Smolki"
"8","Korona"
"8","Plac Wolnica"
"8","Stradom"
"8","Wawel"
"8","Św.Gertrudy"
"8","Plac Wszystkich Świętych"
"8","Filharmonia"
"8","Teatr Bagatela"
"8","Batorego"
"8","Plac Inwalidów"
"8","Urzędnicza"
"8","Biprostal"
"8","Uniwersytet Pedagogiczny"
"8","Głowackiego"
"8","Bronowice"
"8","Wesele"
"8","Balicka Wiadukt"
"9","Mistrzejowice"
"9","Miśnieńska"
"9","Os.Złotego Wieku"
"9","Rondo Piastowskie"
"9","Dunikowskiego"
"9","Rondo Hipokratesa"
"9","DH Wanda"
"9","Rondo Kocmyrzowskie im. Ks. Gorzelanego"
"9","Bieńczycka"
"9","Rondo Czyżyńskie"
"9","Czyżyny"
"9","Stella-Sawickiego"
"9","AWF"
"9","Muzeum Lotnictwa"
"9","Wieczysta"
"9","Białucha"
"9","Cystersów"
"9","Rondo Mogilskie"
"9","Rondo Grzegórzeckie"
"9","Zabłocie"
"9","Klimeckiego"
"9","Kuklińskiego"
"9","Gromadzka"
"9","Lipska"
"9","Dworzec Płaszów Estakada"
"9","Kabel"
"9","Bieżanowska"
"9","Wlotowa"
"9","Prokocim"
"9","Prokocim Szpital"
"9","Teligi"
"9","Nowy Prokocim"
"9","Ćwiklińskiej"
"11","Mały Płaszów"
"11","Rzebika"
"11","Lipska"
"11","Dworzec Płaszów Estakada"
"11","Dworcowa"
"11","Cmentarz Podgórski"
"11","Powstańców Wielkopolskich"
"11","Limanowskiego"
"11","Korona"
"11","Smolki"
"11","Rondo Matecznego"
"11","Rzemieślnicza"
"11","Łagiewniki"
"11","Łagiewniki"
"11","Brożka"
"11","Borsucza"
"11","Lipińskiego"
"11","Grota-Roweckiego"
"11","Norymberska"
"11","Ruczaj"
"11","Kampus UJ"
"11","Chmieleniec"
"12","Łagiewniki"
"12","Brożka"
"12","Borsucza"
"12","Kobierzyńska"
"12","Słomiana"
"12","Kapelanka"
"12","Szwedzka"
"12","Centrum Kongresowe"
"12","Orzeszkowej"
"12","Stradom"
"12","Starowiślna"
"12","Hala Targowa"
"12","Rondo Grzegórzeckie"
"12","Rondo Mogilskie"
"12","Cystersów"
"12","Białucha"
"13","Nowy Bieżanów"
"13","Ćwiklińskiej"
"13","Nowy Prokocim"
"13","Teligi"
"13","Prokocim Szpital"
"13","Prokocim"
"13","Wlotowa"
"13","Bieżanowska"
"13","Kabel"
"13","Dworcowa"
"13","Cmentarz Podgórski"
"13","Powstańców Wielkopolskich"
"13","Limanowskiego"
"13","Korona"
"13","Plac Wolnica"
"13","Stradom"
"13","Wawel"
"13","Św.Gertrudy"
"13","Plac Wszystkich Świętych"
"13","Filharmonia"
"13","Teatr Bagatela"
"13","Batorego"
"13","Plac Inwalidów"
"13","Urzędnicza"
"13","Biprostal"
"13","Uniwersytet Pedagogiczny"
"13","Głowackiego"
"14","Mistrzejowice"
"14","Miśnieńska"
"14","Os.Złotego Wieku"
"14","Rondo Piastowskie"
"14","Dunikowskiego"
"14","Rondo Hipokratesa"
"14","DH Wanda"
"14","Rondo Kocmyrzowskie im. Ks. Gorzelanego"
"14","Bieńczycka"
"14","Rondo Czyżyńskie"
"14","Centralna"
"14","Nowohucka"
"14","M1 Al. Pokoju"
"14","TAURON Arena Kraków Al. Pokoju"
"14","Kraków Plaza"
"14","Dąbie"
"14","Ofiar Dąbia"
"14","Fabryczna"
"14","Francesco Nullo"
"14","Teatr Variété"
"14","Rondo Grzegórzeckie"
"14","Rondo Mogilskie"
"14","Lubicz"
"14","Dworzec Główny"
"14","Basztowa LOT"
"14","Teatr Bagatela"
"14","Batorego"
"14","Plac Inwalidów"
"14","Urzędnicza"
"14","Biprostal"
"14","Uniwersytet Pedagogiczny"
"14","Głowackiego"
"16","Mistrzejowice"
"16","Miśnieńska"
"16","Os.Złotego Wieku"
"16","Rondo Piastowskie"
"16","Dunikowskiego"
"16","Rondo Hipokratesa"
"16","DH Wanda"
"16","Rondo Kocmyrzowskie im. Ks. Gorzelanego"
"16","Os.Zgody"
"16","Plac Centralny im. R.Reagana"
"16","Struga"
"16","Kombinat"
"19","Borek Fałęcki"
"19","Borek Fałęcki I"
"19","Solvay"
"19","Sanktuarium Bożego Miłosierdzia"
"19","Łagiewniki"
"19","Rzemieślnicza"
"19","Rondo Matecznego"
"19","Smolki"
"19","Korona"
"19","Plac Bohaterów Getta"
"19","Św.Wawrzyńca"
"19","Miodowa"
"19","Starowiślna"
"19","Hala Targowa"
"19","Rondo Grzegórzeckie"
"19","Rondo Mogilskie"
"19","Cystersów"
"19","Białucha"
"20","Mały Płaszów"
"20","Rzebika"
"20","Lipska"
"20","Gromadzka"
"20","Kuklińskiego"
"20","Klimeckiego"
"20","Zabłocie"
"20","Rondo Grzegórzeckie"
"20","Rondo Mogilskie"
"20","Lubicz"
"20","Dworzec Główny"
"20","Poczta Główna"
"20","Plac Wszystkich Świętych"
"20","Filharmonia"
"20","Uniwersytet Jagielloński"
"20","Cracovia"
"20","Oleandry"
"20","Park Jordana"
"20","Reymana"
"21","Kopiec Wandy"
"21","Kombinat"
"21","Struga"
"21","Plac Centralny im. R.Reagana"
"21","Os.Zgody"
"21","Rondo Kocmyrzowskie im. Ks. Gorzelanego"
"21","DH Wanda"
"21","Rondo Hipokratesa"
"21","Dunikowskiego"
"21","Kleeberga"
"21","Piasta Kołodzieja"
"22","Borek Fałęcki"
"22","Borek Fałęcki I"
"22","Solvay"
"22","Sanktuarium Bożego Miłosierdzia"
"22","Łagiewniki"
"22","Brożka"
"22","Borsucza"
"22","Kobierzyńska"
"22","Słomiana"
"22","Kapelanka"
"22","Szwedzka"
"22","Centrum Kongresowe"
"22","Orzeszkowej"
"22","Stradom"
"22","Starowiślna"
"22","Hala Targowa"
"22","Rondo Grzegórzeckie"
"22","Teatr Variété"
"22","Francesco Nullo"
"22","Fabryczna"
"22","Ofiar Dąbia"
"22","Dąbie"
"22","Kraków Plaza"
"22","TAURON Arena Kraków Al. Pokoju"
"22","M1 Al. Pokoju"
"22","Nowohucka"
"22","Centralna"
"22","Rondo Czyżyńskie"
"22","Os.Kolorowe"
"22","Plac Centralny im. R.Reagana"
"22","Struga"
"22","Kombinat"
"22","Mrozowa"
"22","Blokowa"
"22","Agencja Kraków Wschód"
"23","Czerwone Maki"
"23","Chmieleniec"
"23","Kampus UJ"
"23","Ruczaj"
"23","Norymberska"
"23","Grota-Roweckiego"
"23","Lipińskiego"
"23","Borsucza"
"23","Brożka"
"23","Łagiewniki"
"23","Łagiewniki"
"23","Rzemieślnicza"
"23","Rondo Matecznego"
"23","Smolki"
"23","Korona"
"23","Limanowskiego"
"23","Powstańców Wielkopolskich"
"23","Cmentarz Podgórski"
"23","Dworcowa"
"23","Kabel"
"23","Bieżanowska"
"23","Wlotowa"
"23","Prokocim"
"23","Prokocim Szpital"
"23","Teligi"
"23","Nowy Prokocim"
"23","Ćwiklińskiej"
"24","Kurdwanów"
"24","Witosa"
"24","Nowosądecka"
"24","Piaski Nowe"
"24","Dauna"
"24","Bieżanowska"
"24","Kabel"
"24","Dworcowa"
"24","Cmentarz Podgórski"
"24","Powstańców Wielkopolskich"
"24","Plac Bohaterów Getta"
"24","Św.Wawrzyńca"
"24","Miodowa"
"24","Starowiślna"
"24","Poczta Główna"
"24","Dworzec Główny"
"24","Basztowa LOT"
"24","Teatr Bagatela"
"24","Batorego"
"24","Plac Inwalidów"
"24","Urzędnicza"
"24","Biprostal"
"24","Uniwersytet Pedagogiczny"
"24","Głowackiego"
"24","Bronowice"
"24","Wesele"
"24","Balicka Wiadukt"
"50","Dworzec Towarowy"
"50","Politechnika"
"50","Dworzec Główny Tunel"
"50","Rondo Mogilskie"
"50","Rondo Grzegórzeckie"
"50","Zabłocie"
"50","Klimeckiego"
"50","Kuklińskiego"
"50","Gromadzka"
"50","Lipska"
"50","Dworzec Płaszów Estakada"
"50","Kabel"
"50","Bieżanowska"
"50","Dauna"
"50","Piaski Nowe"
"50","Nowosądecka"
"50","Witosa"
"52","Czerwone Maki"
"52","Chmieleniec"
"52","Kampus UJ"
"52","Ruczaj"
"52","Norymberska"
"52","Grota-Roweckiego"
"52","Lipińskiego"
"52","Kobierzyńska"
"52","Słomiana"
"52","Kapelanka"
"52","Szwedzka"
"52","Centrum Kongresowe"
"52","Orzeszkowej"
"52","Stradom"
"52","Starowiślna"
"52","Poczta Główna"
"52","Dworzec Główny"
"52","Lubicz"
"52","Rondo Mogilskie"
"52","Cystersów"
"52","Białucha"
"52","Wieczysta"
"52","Muzeum Lotnictwa"
"52","AWF"
"52","Stella-Sawickiego"
"52","Czyżyny"
"52","Rondo Czyżyńskie"
"52","Bieńczycka"
"52","Rondo Kocmyrzowskie im. Ks. Gorzelanego"
"52","DH Wanda"
"52","Rondo Hipokratesa"
"52","Dunikowskiego"
"52","Kleeberga"
"52","Piasta Kołodzieja"
"70","Bardosa"
"70","Suche Stawy"
"70","Klasztorna"
"70","Os.Na Skarpie"
"70","Plac Centralny im. R.Reagana"
"70","Os.Kolorowe"
"70","Rondo Czyżyńskie"
"70","Czyżyny"
"70","Stella-Sawickiego"
"70","AWF"
"70","Muzeum Lotnictwa"
"70","Wieczysta"
"70","Białucha"
"70","Cystersów"
"70","Rondo Mogilskie"
"70","Lubicz"
"70","Dworzec Główny"
"70","Poczta Główna"
"70","Św.Gertrudy"
"70","Wawel"
"70","Stradom"
"70","Plac Wolnica"
"70","Korona"
"70","Smolki"
"70","Rondo Matecznego"
"70","Rzemieślnicza"
"78","Czerwone Maki"
"78","Chmieleniec"
"78","Kampus UJ"
"78","Ruczaj"
"78","Norymberska"
"78","Grota-Roweckiego"
"78","Lipińskiego"
"78","Kobierzyńska"
"78","Słomiana"
"78","Kapelanka"
"78","Szwedzka"
"78","Centrum Kongresowe"
"78","Orzeszkowej"
"78","Stradom"
"78","Wawel"
"78","Św.Gertrudy"
"78","Plac Wszystkich Świętych"
"78","Filharmonia"
"78","Teatr Bagatela"
"78","Basztowa LOT"
"78","Pędzichów"
"78","Nowy Kleparz"
"78","Dworzec Towarowy"
"78","Politechnika"
"78","Dworzec Główny Tunel"
"78","Rondo Mogilskie"
"78","Cystersów"
"78","Białucha"
"78","Wieczysta"
"78","Muzeum Lotnictwa"
"78","AWF"
"78","Stella-Sawickiego"
"78","Czyżyny"
"78","Rondo Czyżyńskie"
"78","Bieńczycka"
"78","Rondo Kocmyrzowskie im. Ks. Gorzelanego"
"78","Teatr Ludowy"
"78","Kocmyrzowska"
"78","Wańkowicza"
"78","Wiadukty"
"78","Darwina"
"78","Jarzębiny"
"0","Muzeum Inżynierii Miejskiej"
"0","Dajwór"
"0","Plac Bohaterów Getta"
"0","Korona"
"0","Plac Wolnica"
"0","Stradom"
"0","Wawel"
"0","Św.Gertrudy"
"0","Plac Wszystkich Świętych"
"0","Filharmonia"
"0","Uniwersytet Jagielloński"
"0","Cracovia"
"0","Oleandry"
"0","Park Jordana"
"0","Reymana"
"62","Plac Centralny im. R.Reagana"
"62","Os.Kolorowe"
"62","Rondo Czyżyńskie"
"62","Centralna"
"62","Nowohucka"
"62","M1 Al. Pokoju"
"62","TAURON Arena Kraków Al. Pokoju"
"62","Kraków Plaza"
"62","Dąbie"
"62","Ofiar Dąbia"
"62","Fabryczna"
"62","Francesco Nullo"
"62","Teatr Variété"
"62","Rondo Grzegórzeckie"
"62","Rondo Mogilskie"
"62","Lubicz"
"62","Dworzec Główny"
"62","Poczta Główna"
"62","Starowiślna"
"62","Stradom"
"62","Orzeszkowej"
"62","Centrum Kongresowe"
"62","Szwedzka"
"62","Kapelanka"
"62","Słomiana"
"62","Kobierzyńska"
"62","Lipińskiego"
"62","Grota-Roweckiego"
"62","Norymberska"
"62","Ruczaj"
"62","Kampus UJ"
"62","Chmieleniec"
"64","Os.Piastów"
"64","Piasta Kołodzieja"
"64","Kleeberga"
"64","Dunikowskiego"
"64","Rondo Hipokratesa"
"64","DH Wanda"
"64","Rondo Kocmyrzowskie im. Ks. Gorzelanego"
"64","Bieńczycka"
"64","Rondo Czyżyńskie"
"64","Czyżyny"
"64","Stella-Sawickiego"
"64","AWF"
"64","Muzeum Lotnictwa"
"64","Wieczysta"
"64","Białucha"
"64","Cystersów"
"64","Rondo Mogilskie"
"64","Lubicz"
"64","Dworzec Główny"
"64","Basztowa LOT"
"64","Teatr Bagatela"
"64","Batorego"
"64","Plac Inwalidów"
"64","Urzędnicza"
"64","Biprostal"
"64","Uniwersytet Pedagogiczny"
"64","Głowackiego"
"64","Bronowice"
"64","Wesele"
"64","Balicka Wiadukt"
"69","Nowy Bieżanów"
"69","Ćwiklińskiej"
"69","Nowy Prokocim"
"69","Teligi"
"69","Prokocim Szpital"
"69","Prokocim"
"69","Wlotowa"
"69","Bieżanowska"
"69","Kabel"
"69","Dworcowa"
"69","Cmentarz Podgórski"
"69","Powstańców Wielkopolskich"
"69","Plac Bohaterów Getta"
"69","Św.Wawrzyńca"
"69","Miodowa"
"69","Starowiślna"
"69","Poczta Główna"
"69","Plac Wszystkich Świętych"
"69","Filharmonia"
"69","Teatr Bagatela"
"69","Basztowa LOT"
"69","Dworzec Główny"
"69","Dworzec Główny Zachód"
"69","Politechnika"
"100","Salwator"
"100","Malczewskiego"
"100","Aleja Waszyngtona"
"101","Os.Podwawelskie"
"101","Centrum Kongresowe"
"101","Centrum Kongresowe"
"101","Szwedzka"
"101","Kapelanka"
"101","Zielińskiego"
"101","Malczewskiego"
"101","Aleja Waszyngtona"
"102","Krowodrza Górka"
"102","Krowodrza Urzędy Skarbowe"
"102","Wybickiego"
"102","Łobzów PKP"
"102","Mazowiecka"
"102","Biprostal"
"102","Uniwersytet Pedagogiczny"
"102","Miasteczko Studenckie AGH"
"102","Cichy Kącik"
"102","Słonecznikowa"
"102","Tondosa"
"102","Strzelnica"
"102","Sielanka"
"102","Park Decjusza"
"102","Kasztanowa"
"102","Kopalina"
"102","Zielony Dół"
"102","Chełm"
"102","Chełmska"
"102","Rzepichy"
"102","Kosmowskiej"
"103","Aleja Przyjaźni"
"103","Os.Kolorowe"
"103","Rondo Czyżyńskie"
"103","Centralna"
"103","Sołtysowska"
"103","Sołtysowska Zakłady"
"103","Sołtysowska Osiedle"
"103","Sikorki"
"103","Na Załęczu"
"103","Habina"
"103","Odmętowa"
"103","Lasek Łęgowski"
"105","Prądnik Czerwony"
"105","Powstańców Garaże"
"105","Powstańców"
"105","Majora"
"105","Aleja 29 Listopada"
"105","Opolska Estakada"
"105","Uniwersytet Rolniczy"
"105","Biskupa Prandoty"
"105","Cmentarz Rakowicki Zachód"
"105","Politechnika"
"106","Łagiewniki"
"106","Łagiewniki"
"106","Borsucza"
"106","Lipińskiego"
"106","Grota-Roweckiego"
"106","Rostworowskiego"
"106","Zachodnia"
"106","Torfowa"
"106","Lubostroń"
"106","Skośna"
"106","Kobierzyn"
"106","Babińskiego"
"106","Skotniki"
"106","Brücknera"
"107","Dworzec Płaszów"
"107","Dworcowa"
"107","Kabel"
"107","Sułkowskiego"
"107","Malborska Szkoła"
"107","Wola Duchacka"
"107","Karpińskiego"
"107","Tuchowska"
"107","Bochenka"
"107","Łużycka"
"107","Piaski Wielkie"
"107","Hala Sportowa Piaski Wielkie"
"107","Niebieska Autostrada"
"107","Kosocice"
"107","Szczegów"
"107","Żelazowskiego"
"107","Barycz"
"107","Krzemieniecka"
"107","Drużbackiej"
"109","Cracovia Stadion"
"109","Cracovia"
"109","Jubilat"
"109","Komorowskiego"
"109","Salwator"
"109","Malczewskiego"
"109","Księcia Józefa"
"109","Benedyktowicza"
"109","Glinnik"
"109","Przegorzały"
"109","Zaskale"
"109","Na Krępaku"
"109","Bielańskie Skały"
"109","Wodociągi"
"109","Bielany Klasztor"
"109","Bielany Szkoła"
"110","Aleja Przyjaźni"
"110","Aleja Róż"
"110","Żeromskiego"
"110","Teatr Ludowy"
"110","Kocmyrzowska"
"110","Wańkowicza"
"110","Darwina"
"110","Cmentarz Grębałów Południe"
"110","Cmentarz Grębałów"
"110","Lubocza Bugaj"
"110","Lubocza Przychodnia"
"110","Lubocza Szkoła"
"110","Lubocza Trafo"
"110","Wadowska"
"110","Wadów"
"110","Wadów Os.Kolejowe"
"110","Wadów Glinik"
"110","Wadów Działki"
"110","Węgrzynowicka"
"110","Węgrzynowice Dół"
"110","Barwna"
"110","Węgrzynowice Centrum"
"111","Pleszów"
"111","Zakład Przeróbki"
"111","Szymańskiego"
"111","Wyciąże"
"111","Ruszcza Cmentarz"
"111","Ruszcza"
"111","Ruszcza Cmentarz"
"111","Wyciąże"
"111","Wyciąże Sklep"
"111","Wyciąska"
"111","Podstawie"
"111","Drożyska"
"111","Przylasek Wyciąski"
"111","Siejówka"
"111","Bartnicza"
"111","Wolica Sklep"
"111","Wolica Kościół"
"112","Os.Podwawelskie"
"112","Centrum Kongresowe"
"112","Centrum Kongresowe"
"112","Rynek Dębnicki"
"112","Praska"
"112","Zielińskiego"
"112","Os.Robotnicze"
"112","Park Skały Twardowskiego"
"112","Pychowice"
"112","Rodzinna"
"112","Górka Pychowicka"
"112","Fort Bodzów"
"112","Kostrze Szkoła"
"112","Wały Wiślane"
"112","Kostrze Kapliczka"
"112","Kolna"
"112","Tyniecka Autostrada"
"112","Bolesława Śmiałego"
"112","Tyniec"
"112","Bogucianka"
"113","Czyżyny Dworzec"
"113","Rondo Czyżyńskie"
"113","Centralna"
"113","Sołtysowska"
"113","Sołtysowska Zakłady"
"113","Sołtysowska Osiedle"
"113","Sikorki"
"113","Na Załęczu"
"113","Na Załęczu Szkoła"
"113","Siwka"
"113","Wiklinowa"
"113","Isep"
"113","Zatyka"
"113","Szafrańska"
"115","Dworzec Główny Wschód"
"115","Muzeum Armii Krajowej"
"115","Cmentarz Rakowicki Zachód"
"115","Biskupa Prandoty"
"115","Uniwersytet Rolniczy"
"115","Opolska Estakada"
"115","Aleja 29 Listopada"
"115","Kuźnicy Kołłątajowskiej"
"115","Słomczyńskiego"
"115","Natansona"
"115","Dożynkowa"
"115","Witkowice Nowe"
"117","Kombinat"
"117","Zajezdnia Nowa Huta"
"117","Elektromontaż"
"117","Lubocza PKP"
"117","Lubocza Bugaj"
"117","Lubocza Przychodnia"
"117","Lubocza Szkoła"
"117","Lubocza Trafo"
"117","Wadowska"
"117","Wadów"
"117","Wadów Szkoła"
"117","Wadów Osiedle"
"117","Łuczanowice Skrzyżowanie"
"117","Bystronia"
"118","Krowodrza Górka"
"118","Krowoderskich Zuchów"
"118","Batalionu Skała AK"
"118","Makowskiego"
"118","Różyckiego"
"118","Conrada"
"118","Rondo Ofiar Katynia"
"118","Katowicka"
"118","Ojcowska Dworek"
"118","Ojcowska Wągroda"
"118","Ojcowska"
"118","Bronowice Wielkie"
"118","Jasnogórska"
"120","Krowodrza Górka"
"120","Krowoderskich Zuchów"
"120","Batalionu Skała AK"
"120","Wyki"
"120","Skrajna"
"120","Jordanowska"
"120","Chabrowa"
"120","Os.Łokietka"
"120","Poziomkowa"
"120","Gospodarska"
"120","Tonie Skrzyżowanie"
"120","Na Budzyniu"
"120","Tonie"
"120","Gaik"
"120","Bronowice Wielkie"
"120","Ojcowska"
"120","Ojcowska Wągroda"
"120","Ojcowska Dworek"
"120","Katowicka"
"120","Rondo Ofiar Katynia"
"120","Bronowice Wiadukt"
"120","Balicka Wiadukt"
"120","Bronowice Małe"
"122","Aleja Przyjaźni"
"122","Aleja Róż"
"122","Żeromskiego"
"122","Teatr Ludowy"
"122","Kocmyrzowska"
"122","Wańkowicza"
"122","Makuszyńskiego"
"122","Nad Dłubnią"
"122","Zajezdnia Bieńczyce"
"122","Petöfiego"
"122","Jagiełły"
"122","Jana Kazimierza"
"122","Leszka Białego"
"122","Os.Na Stoku Szkoła"
"122","Darwina"
"122","Wzgórza Krzesławickie"
"122","Grębałów"
"122","Gustawa Morcinka"
"122","Kantorowice"
"122","Zesławice Ogródki Działkowe"
"123","Mistrzejowice"
"123","Miśnieńska"
"123","Łęczycka"
"123","Cedyńska"
"123","Wiślicka"
"123","Os.Strusia"
"123","Os.Na Lotnisku"
"123","Dunikowskiego"
"123","Rondo Hipokratesa"
"123","Os.Jagiellońskie"
"123","Arka"
"123","Teatr Ludowy"
"123","Os.Górali"
"123","Os.Zielone"
"123","Struga"
"123","Orkana"
"123","Os.Willowe"
"123","Klasztorna"
"123","Os.Wandy"
"123","Os.Na Skarpie"
"123","Szpital Żeromskiego"
"123","Sieroszewskiego"
"123","Klasztor Cystersów"
"123","Stare Wiślisko"
"123","Lasek Mogilski"
"123","Szparagowa"
"123","Garbarnia"
"123","Jeżowa"
"123","Albatrosów"
"123","Surzyckiego"
"124","Os.Podwawelskie"
"124","Centrum Kongresowe"
"124","Centrum Kongresowe"
"124","Konopnickiej"
"124","Jubilat"
"124","Cracovia"
"124","Uniwersytet Jagielloński"
"124","Teatr Bagatela"
"124","Basztowa LOT"
"124","Dworzec Główny"
"124","Lubicz"
"124","Rondo Mogilskie"
"124","Cmentarz Rakowicki"
"124","Narzymskiego"
"124","Pilotów"
"124","Akacjowa"
"124","Spadochroniarzy"
"124","Ugorek"
"125","Szpital Rydygiera"
"125","Rondo Hipokratesa"
"125","DH Wanda"
"125","Os.Na Lotnisku"
"125","Os.Strusia"
"125","Wiślicka"
"125","Okulickiego"
"125","Os.Oświecenia"
"125","Park Wodny"
"125","Rondo Barei"
"125","Rondo Barei"
"125","Miechowity"
"125","Rondo Młyńskie"
"125","Pilotów"
"125","Narzymskiego"
"125","Brodowicza"
"125","Rondo Mogilskie"
"125","Rondo Grzegórzeckie"
"125","Francesco Nullo"
"125","Ofiar Dąbia"
"125","Stoczniowców"
"125","Saska"
"125","Szczecińska"
"125","Rzebika"
"125","Mały Płaszów"
"125","Surzyckiego"
"125","Albatrosów"
"125","Jeżowa"
"125","Garbarnia"
"125","Bacutil"
"125","Półłanki"
"125","Bieżanów Bazy"
"125","Agatowa"
"127","Powstańców Wielkopolskich"
"127","Powstańców Wielkopolskich"
"127","Kuklińskiego"
"127","Kuklińskiego"
"127","Płaszowska"
"127","Saska"
"127","Szczecińska"
"127","Łanowa"
"127","Motyla"
"128","Zajezdnia Płaszów"
"128","Płk. Dąbka"
"128","Surzyckiego"
"128","Mały Płaszów"
"128","Rzebika"
"128","Lipska"
"128","Saska"
"128","Stoczniowców"
"128","Ofiar Dąbia"
"128","Dąbie"
"128","TAURON Arena Kraków Al. Pokoju"
"128","TAURON Arena Kraków"
"128","Wieczysta"
"128","Meissnera"
"128","Pszona"
"128","Rondo Młyńskie"
"128","Miechowity"
"128","Rondo Barei"
"128","Strzelców"
"129","Dworzec Główny Zachód"
"129","Politechnika"
"129","Cmentarz Rakowicki Zachód"
"129","Biskupa Prandoty"
"129","Uniwersytet Rolniczy"
"129","Brogi"
"129","Bosaków"
"129","Miechowity"
"129","Rondo Młyńskie"
"129","Miechowity"
"129","Rondo Barei"
"129","Park Wodny"
"129","Os.Oświecenia"
"129","Okulickiego"
"129","Wiślicka"
"129","Os.Dywizjonu 303"
"129","Stella-Sawickiego"
"129","Medweckiego"
"130","Azory"
"130","Różyckiego"
"130","Makowskiego"
"130","Łokietka"
"130","Łobzów PKP"
"130","Urząd Marszałkowski"
"130","Wrocławska"
"130","Nowy Kleparz"
"130","Nowy Kleparz"
"130","Politechnika"
"131","Pleszów"
"131","Zakład Przeróbki"
"131","Szymańskiego"
"131","Branice Pagórek"
"131","Branice Na Dole"
"131","Branice Szkoła"
"131","Branice"
"131","Branice Ośrodek Zdrowia"
"131","Chałupki Górne"
"131","Kąkolowa"
"131","Truskawkowa"
"132","Kombinat"
"132","Struga"
"132","Aleja Róż"
"132","Os.Zgody"
"132","Rondo Kocmyrzowskie im. Ks. Gorzelanego"
"132","DH Wanda"
"132","Os.Na Lotnisku"
"132","Os.Strusia"
"132","Wiślicka"
"132","Okulickiego"
"132","Os.Oświecenia"
"132","Park Wodny"
"132","Rondo Barei"
"132","Rondo Barei"
"132","Olsza II"
"132","Lublańska"
"132","Opolska Estakada"
"132","Imbramowska"
"132","Mackiewicza"
"132","Zdrowa"
"132","Lekarska"
"132","Bratysławska"
"132","Nowy Kleparz"
"132","Politechnika"
"133","Łagiewniki"
"133","Łagiewniki"
"133","Sucha"
"133","Fredry"
"133","Turowicza"
"133","Przykopy"
"133","Kurdwanów"
"133","Bujaka"
"133","Wysłouchów"
"133","Bojki"
"133","Kurdwanów Szkoła"
"133","Cechowa"
"133","Piaski Wielkie"
"133","Przy Kuźni"
"133","Hallera"
"133","Słona Woda"
"133","Kosocicka"
"133","Wielicka"
"133","Jerzmanowskiego"
"133","Prokocim Szpital"
"133","Teligi"
"133","Nowy Prokocim"
"133","Ćwiklińskiej"
"133","Nowy Bieżanów"
"133","Mała Góra"
"133","Bieżanów Cmentarz"
"133","Ks.Łaczka"
"133","Bieżanów Drożdżownia PKP"
"133","Drożdżowa"
"133","Ślósarczyka"
"133","Bieżanów Kaim"
"134","Cracovia Stadion"
"134","Cracovia Błonia"
"134","Instytut Reumatologii"
"134","Przegon"
"134","Słonecznikowa"
"134","Tondosa"
"134","Strzelnica"
"134","Sielanka"
"134","Stara Wola"
"134","Baba Jaga"
"135","Centrum JP II"
"135","Przykopy"
"135","Kurdwanów"
"135","Bujaka"
"135","Halszki"
"135","Myślenicka"
"135","Swoszowice Autostrada"
"135","Swoszowice Osiedle"
"135","Swoszowice Pawilon"
"135","Swoszowice Sklep"
"135","Swoszowice Poczta"
"135","Swoszowice"
"135","Wróblowice Szkoła"
"135","Wróblowice Rozwidlenie"
"135","Ukraina"
"135","Zbydniowice"
"135","Zbydniowice Szkoła"
"137","Krowodrza Górka"
"137","Zdrowa"
"137","Mackiewicza"
"137","Clepardia"
"137","Siewna Wiadukt"
"137","Siewna"
"137","Natansona"
"137","Słomczyńskiego"
"137","Kuźnicy Kołłątajowskiej"
"137","Banacha"
"138","Kombinat"
"138","Zajezdnia Nowa Huta"
"138","Elektromontaż"
"138","Wańkowicza"
"138","Makuszyńskiego"
"138","Nad Dłubnią"
"138","Zajezdnia Bieńczyce"
"138","Nowolipki"
"138","Łowińskiego"
"138","Os.Mistrzejowice Nowe"
"138","Kupały"
"138","Os.Kalinowe"
"138","Wiślicka"
"138","Okulickiego"
"138","Os.Oświecenia"
"138","Park Wodny"
"138","Rondo Barei"
"138","Rondo Barei"
"138","Olsza II"
"138","Lublańska"
"138","Opolska Estakada"
"138","Imbramowska"
"138","Mackiewicza"
"138","Zdrowa"
"138","Krowodrza Górka"
"138","Krowoderskich Zuchów"
"138","Batalionu Skała AK"
"138","Makowskiego"
"138","Różyckiego"
"139","Kombinat"
"139","Struga"
"139","Aleja Róż"
"139","Żeromskiego"
"139","Teatr Ludowy"
"139","Arka"
"139","Os.Jagiellońskie"
"139","Rondo Hipokratesa"
"139","Dunikowskiego"
"139","Rondo Piastowskie"
"139","Os.Złotego Wieku"
"139","Miśnieńska"
"139","Mistrzejowice"
"139","Bohomolca"
"139","Marchołta"
"139","Os.Oświecenia"
"139","Park Wodny"
"139","Rondo Barei"
"139","Rondo Barei"
"139","Olszecka"
"139","Aleja 29 Listopada"
"139","Opolska Estakada"
"139","Uniwersytet Rolniczy"
"139","Biskupa Prandoty"
"139","Cmentarz Rakowicki Zachód"
"139","Nowy Kleparz"
"139","Grottgera"
"139","Plac Inwalidów"
"139","Czarnowiejska"
"139","Kawiory"
"139","Miasteczko Studenckie AGH"
"139","Przybyszewskiego"
"139","Armii Krajowej"
"139","Zarzecze"
"139","Bronowice Wiadukt"
"139","Balicka Wiadukt"
"139","Bronowice Małe"
"139","Giełda Balicka P+R"
"139","Lindego"
"139","UR Balicka"
"139","Młynówka SKA"
"139","Godlewskiego"
"139","Zakliki"
"141","Pleszów"
"141","Zakład Przeróbki"
"141","Szymańskiego"
"141","Igołomska"
"141","Prawocheńskiego"
"141","Rzepakowa"
"141","Rzepakowa Świetlica"
"141","Żwirownia"
"141","Ciekowiec"
"142","Cmentarz Batowice"
"142","Cmentarz Batowice"
"142","Prądnik Czerwony"
"142","Strzelców"
"142","Rondo Barei"
"142","Park Wodny"
"142","Os.Oświecenia"
"142","Okulickiego"
"142","Wiślicka"
"142","Os.Dywizjonu 303"
"142","Stella-Sawickiego"
"142","Medweckiego"
"142","Czyżyny Dworzec"
"142","Marii Dąbrowskiej"
"142","Os.Kościuszkowskie"
"142","DH Wanda"
"142","Rondo Kocmyrzowskie im. Ks. Gorzelanego"
"142","Os.Zgody"
"142","Aleja Róż"
"142","Struga"
"142","Kombinat"
"142","Zajezdnia Nowa Huta"
"142","Elektromontaż"
"142","Os.Na Stoku Szkoła"
"142","Architektów"
"143","Dworzec Płaszów"
"143","Dworcowa"
"143","Kabel"
"143","Bieżanowska"
"143","Prosta"
"143","Prokocim Rynek"
"143","Młodzieży"
"143","Cmentarz Prokocim"
"143","Bieżanów Trafo"
"143","Bieżanów Szkoła"
"143","Barbary"
"143","Bieżanów Pomnik"
"143","Sucharskiego"
"143","Złocieniowa"
"143","Jasieńskiego"
"144","Rżąka"
"144","Jerzmanowskiego"
"144","Prokocim Szpital"
"144","Wlotowa"
"144","Bieżanowska"
"144","Malborska"
"144","Makowa"
"144","Kamieńskiego"
"144","Bonarka"
"144","Kamieńskiego Wiadukt"
"144","Rondo Matecznego"
"144","Ludwinów"
"144","Centrum Kongresowe"
"144","Konopnickiej"
"144","Jubilat"
"144","Cracovia"
"144","Czarnowiejska"
"144","Kawiory"
"144","Biprostal"
"144","Mazowiecka"
"144","Łobzów PKP"
"144","Stachiewicza"
"144","Makowskiego"
"144","Batalionu Skała AK"
"144","Wyki"
"144","Prądnik Biały Zachód"
"144","Pachońskiego"
"145","Borek Fałęcki"
"145","Góra Borkowska"
"145","Judyma"
"145","Kąpielowa"
"145","Wilga"
"145","Zdrojowa"
"145","Swoszowice Sklep"
"145","Swoszowice Poczta"
"145","Swoszowice"
"145","Fort Swoszowice"
"145","Landaua"
"145","Kenara"
"145","Wróblowice Cmentarz"
"145","Wróblowice Dom Kultury"
"145","Wróblowice Rozwidlenie"
"145","Ukraina"
"145","Zbydniowice"
"145","Zbydniowice Szkoła"
"151","Judyma Szkoła"
"151","Os.Kliny"
"151","Forteczna"
"151","Kliny Zacisze"
"151","Pod Fortem"
"151","Kliny Zacisze"
"151","Borkowska"
"151","Las Borkowski"
"151","Polana Żywiecka"
"151","Łuczyńskiego"
"151","Żywiecka"
"151","Rynek Fałęcki"
"151","Solvay"
"152","Aleja Przyjaźni"
"152","Os.Zgody"
"152","Rondo Kocmyrzowskie im. Ks. Gorzelanego"
"152","DH Wanda"
"152","Os.Na Lotnisku"
"152","Os.Strusia"
"152","Wiślicka"
"152","Okulickiego"
"152","Os.Oświecenia"
"152","Park Wodny"
"152","Rondo Barei"
"152","Rondo Barei"
"152","Miechowity"
"152","Rondo Młyńskie"
"152","Pilotów"
"152","Narzymskiego"
"152","Brodowicza"
"152","Rondo Mogilskie"
"152","Lubicz"
"152","Dworzec Główny"
"152","Basztowa LOT"
"152","Teatr Bagatela"
"152","Uniwersytet Jagielloński"
"152","Cracovia Błonia"
"152","Instytut Reumatologii"
"152","Przegon"
"152","Słonecznikowa"
"152","Tondosa"
"152","Strzelnica"
"152","Sielanka"
"152","Park Decjusza"
"152","Panieńskich Skał"
"152","Królowej Jadwigi"
"152","Chełm"
"152","Raczkiewicza"
"152","Leśmiana"
"152","Olszanica Kapliczka"
"153","Os.Piastów"
"153","Piasta Kołodzieja"
"153","Popielidów"
"153","Kruszwicka"
"153","Kleeberga"
"153","Dunikowskiego"
"153","Rondo Hipokratesa"
"153","Os.Jagiellońskie"
"153","Arka"
"153","Teatr Ludowy"
"153","Żeromskiego"
"153","Aleja Róż"
"153","Struga"
"153","Bulwarowa"
"153","Os.Willowe"
"153","Klasztorna"
"153","Os.Wandy"
"153","Os.Na Skarpie"
"153","Szpital Żeromskiego"
"153","Sieroszewskiego"
"153","Klasztor Cystersów"
"153","Stare Wiślisko"
"153","Lasek Mogilski"
"154","Prądnik Biały"
"154","Pachońskiego"
"154","Prądnik Biały Zachód"
"154","Wyki"
"154","Batalionu Skała AK"
"154","Łokietka"
"154","Wybickiego"
"154","Bratysławska"
"154","Nowy Kleparz"
"154","Politechnika"
"154","Dworzec Główny Zachód"
"154","Dworzec Główny"
"155","Łagiewniki"
"155","Łagiewniki"
"155","Sucha"
"155","Fredry"
"155","Turowicza"
"155","Przykopy"
"155","Kurdwanów"
"155","Bujaka"
"155","Halszki"
"155","Myślenicka"
"155","Swoszowice Autostrada"
"155","Swoszowice Osiedle"
"155","Swoszowice Pawilon"
"155","Swoszowice Sklep"
"158","Powstańców Wielkopolskich"
"158","Powstańców Wielkopolskich"
"158","Kuklińskiego"
"158","Stoczniowców"
"158","Saska"
"158","Szczecińska"
"158","Rzebika"
"158","Mały Płaszów"
"158","Surzyckiego"
"158","Płk. Dąbka"
"158","Zajezdnia Płaszów"
"158","Biskupińska"
"158","Albatrosów"
"158","Jeżowa"
"158","Rybitwy Sklep"
"158","Rybitwy Dom Kultury"
"158","Rybitwy Rozjazd"
"158","Szparagowa"
"158","Ks.Targosza"
"158","Przewóz"
"158","Wrobela"
"159","Os.Piastów"
"159","Piasta Kołodzieja"
"159","Popielidów"
"159","Kruszwicka"
"159","Kleeberga"
"159","Rondo Piastowskie"
"159","Łęczycka"
"159","Cedyńska"
"159","Wiślicka"
"159","Bora-Komorowskiego"
"159","Miechowity"
"159","Bosaków"
"159","Brogi"
"159","Wileńska"
"159","Uniwersytet Rolniczy"
"159","Biskupa Prandoty"
"159","Cmentarz Rakowicki Zachód"
"159","Nowy Kleparz"
"159","Grottgera"
"159","Plac Inwalidów"
"159","Czarnowiejska"
"159","Kawiory"
"159","Miasteczko Studenckie AGH"
"161","Pleszów"
"161","Zakład Przeróbki"
"161","Szymańskiego"
"161","Wyciąże"
"161","Wyciąże Zachód"
"161","Wyciąże Wiadukt"
"161","Cło"
"161","Brzeska"
"161","Zakępie"
"161","Wolica"
"161","Wolica Las"
"162","Os.Podwawelskie"
"162","Centrum Kongresowe"
"162","Centrum Kongresowe"
"162","Rynek Dębnicki"
"162","Praska"
"162","Zielińskiego"
"162","Os.Robotnicze"
"162","Park Skały Twardowskiego"
"162","Pychowice"
"162","Rodzinna"
"162","Górka Pychowicka"
"162","Fort Bodzów"
"162","Kostrze Szkoła"
"162","Kostrze OSP"
"162","Ślaskiego"
"162","Dąbrowa"
"162","Kostrze"
"162","Bagienna"
"163","Rżąka"
"163","Jerzmanowskiego"
"163","Prokocim Szpital"
"163","Teligi"
"163","Nowy Prokocim"
"163","Ćwiklińskiej"
"163","Nowy Bieżanów"
"163","Barbary"
"163","Bieżanów Pomnik"
"163","Agatowa"
"163","Złocień"
"163","Agatowa"
"163","Bieżanów Bazy"
"163","Półłanki"
"163","Bacutil"
"163","Garbarnia"
"163","Szparagowa"
"163","Lasek Mogilski"
"163","Stare Wiślisko"
"163","Klasztor Cystersów"
"163","Klasztorna"
"163","Os.Na Skarpie"
"163","Plac Centralny im. R.Reagana"
"163","Aleja Róż"
"164","Piaski Nowe"
"164","Nowosądecka"
"164","Wola Duchacka"
"164","Zajezdnia Wola Duchacka"
"164","Puszkarska"
"164","Kamieńskiego Wiadukt"
"164","Rondo Matecznego"
"164","Ludwinów"
"164","Centrum Kongresowe"
"164","Konopnickiej"
"164","Jubilat"
"164","Cracovia"
"164","AGH"
"164","Plac Inwalidów"
"164","Grottgera"
"164","Nowy Kleparz"
"164","Bratysławska"
"164","Szpital Narutowicza"
"164","Lekarska"
"164","Zdrowa"
"164","Mackiewicza"
"164","Clepardia"
"164","Siewna Wiadukt"
"164","Bociana"
"166","Łagiewniki"
"166","Łagiewniki"
"166","Borsucza"
"166","Lipińskiego"
"166","Grota-Roweckiego"
"166","Rostworowskiego"
"166","Zachodnia"
"166","Torfowa"
"166","Lubostroń"
"166","Skośna"
"166","Kobierzyn"
"166","Babińskiego"
"166","Skotniki"
"166","Brücknera"
"166","Skotniki Szkoła"
"166","Brücknera"
"166","Skotniki"
"166","Baczyńskiego"
"166","Wrony"
"166","Warchałowskiego"
"166","Tretówka"
"168","Krowodrza Górka"
"168","Krowoderskich Zuchów"
"168","Batalionu Skała AK"
"168","Makowskiego"
"168","Różyckiego"
"168","Azory"
"168","Gnieźnieńska"
"168","Czerwieńskiego"
"168","Fiszera"
"169","Zajezdnia Wola Duchacka"
"169","Sławka"
"169","Kamieńskiego"
"169","Bonarka"
"169","Kamieńskiego Wiadukt"
"169","Rondo Matecznego"
"169","Ludwinów"
"169","Centrum Kongresowe"
"169","Konopnickiej"
"169","Jubilat"
"169","Cracovia"
"169","AGH"
"169","Plac Inwalidów"
"169","Grottgera"
"169","Nowy Kleparz"
"169","Cmentarz Rakowicki Zachód"
"169","Biskupa Prandoty"
"169","Uniwersytet Rolniczy"
"169","Opolska Estakada"
"169","Aleja 29 Listopada"
"169","Kuźnicy Kołłątajowskiej"
"169","Banacha"
"171","Pleszów"
"171","Zakład Przeróbki"
"171","Szymańskiego"
"171","Wyciąże"
"171","Janówka"
"171","Błonia Kościelnickie"
"171","Kościelniki"
"171","Zabłocie Kościelnickie"
"171","Resztówka"
"171","Ostafina"
"171","Hektary"
"171","Wróżenice Górka"
"172","Aleja Przyjaźni"
"172","Os.Zgody"
"172","Rondo Kocmyrzowskie im. Ks. Gorzelanego"
"172","DH Wanda"
"172","Os.Na Lotnisku"
"172","Os.Strusia"
"172","Wiślicka"
"172","Bora-Komorowskiego"
"172","Olsza II"
"172","Lublańska"
"172","Opolska Estakada"
"172","Imbramowska"
"172","Mackiewicza"
"172","Pleszowska"
"172","Opolska Kładka"
"172","Opolska"
"172","Conrada"
"172","Rondo Ofiar Katynia"
"172","Bronowice Wiadukt"
"172","Bronowice Małe"
"172","Giełda Balicka P+R"
"172","Lindego"
"173","Nowy Bieżanów Południe"
"173","Nowy Prokocim"
"173","Teligi"
"173","Prokocim Szpital"
"173","Wlotowa"
"173","Bieżanowska"
"173","Malborska"
"173","Makowa"
"173","Kamieńskiego"
"173","Bonarka"
"173","Kamieńskiego Wiadukt"
"173","Rondo Matecznego"
"173","Ludwinów"
"173","Centrum Kongresowe"
"173","Konopnickiej"
"173","Jubilat"
"173","Cracovia"
"173","Czarnowiejska"
"173","Kawiory"
"173","Miasteczko Studenckie AGH"
"173","Przybyszewskiego"
"173","Armii Krajowej"
"173","Zarzecze"
"173","Bronowice Wiadukt"
"173","Rondo Ofiar Katynia"
"173","Conrada"
"174","Os.Kurdwanów"
"174","Stojałowskiego"
"174","Halszki"
"174","Bujaka"
"174","Kurdwanów"
"174","Beskidzka"
"174","Wola Duchacka"
"174","Zajezdnia Wola Duchacka"
"174","Sławka"
"174","Kamieńskiego"
"174","Bonarka"
"174","Kamieńskiego Wiadukt"
"174","Powstańców Wielkopolskich"
"174","Kuklińskiego"
"174","Stoczniowców"
"174","Koszykarska"
"174","Elektrociepłownia Kraków"
"174","M1 Nowohucka"
"174","Nowohucka"
"174","Centralna"
"174","Rondo Czyżyńskie"
"174","Os.Kolorowe"
"174","Plac Centralny im. R.Reagana"
"174","Os.Na Skarpie"
"174","Klasztorna"
"174","Bulwarowa Ogródki Działkowe"
"174","Bulwarowa"
"175","Borek Fałęcki"
"175","Góra Borkowska"
"175","Judyma"
"175","Kąpielowa"
"175","Opatkowice Wiadukt"
"175","Poronińska"
"175","Opatkowice Zadworze"
"175","Smoleńskiego"
"175","Opatkowice"
"175","Podgaje"
"175","Taklińskiego"
"175","Sidzina Olszyny"
"175","Żyzna"
"175","Petrażyckiego"
"175","Nałkowskiej"
"178","Mistrzejowice"
"178","Miśnieńska"
"178","Łęczycka"
"178","Wiślicka"
"178","Os.Dywizjonu 303"
"178","Stella-Sawickiego"
"178","Nowohucka"
"178","M1 Nowohucka"
"178","Elektrociepłownia Kraków"
"178","Koszykarska"
"178","Stoczniowców"
"178","Kuklińskiego"
"178","Powstańców Wielkopolskich"
"178","Tischnera"
"178","Łagiewniki"
"178","Borsucza"
"178","Lipińskiego"
"178","Grota-Roweckiego"
"178","Rostworowskiego"
"178","Zachodnia"
"178","Torfowa"
"178","Lubostroń"
"178","Skośna"
"178","Komuny Paryskiej"
"178","Zawiła"
"178","Borkowska"
"178","Kliny Zacisze"
"179","Os.Kurdwanów"
"179","Stojałowskiego"
"179","Halszki"
"179","Bujaka"
"179","Kurdwanów"
"179","Beskidzka"
"179","Wola Duchacka"
"179","Zajezdnia Wola Duchacka"
"179","Sławka"
"179","Kamieńskiego"
"179","Bonarka"
"179","Kamieńskiego Wiadukt"
"179","Rondo Matecznego"
"179","Ludwinów"
"179","Centrum Kongresowe"
"179","Konopnickiej"
"179","Jubilat"
"179","Cracovia"
"179","AGH"
"179","Plac Inwalidów"
"179","Grottgera"
"179","Nowy Kleparz"
"179","Politechnika"
"181","Pleszów"
"181","Koksochemia"
"181","Nadbrzezie"
"181","Suchy Jar"
"181","Gwarecka"
"181","Karowa"
"181","Dymarek"
"181","Oczyszczalnia Ścieków Kujawy"
"182","Os.Na Stoku"
"182","Architektów"
"182","Leszka Białego"
"182","Jana Kazimierza"
"182","Jagiełły"
"182","Petöfiego"
"182","Nowolipki"
"182","Łowińskiego"
"182","Os.Mistrzejowice Nowe"
"182","Kleeberga"
"182","Rondo Piastowskie"
"182","Os.Złotego Wieku"
"182","Miśnieńska"
"182","Mistrzejowice"
"182","Bohomolca"
"182","Marchołta"
"182","Os.Oświecenia"
"182","Park Wodny"
"182","Rondo Barei"
"182","Rondo Barei"
"182","Miechowity"
"182","Rondo Młyńskie"
"182","Pilotów"
"182","Narzymskiego"
"182","Brodowicza"
"182","Rondo Mogilskie"
"182","Uniwersytet Ekonomiczny"
"183","Złocień"
"183","Agatowa"
"183","Bieżanów Pomnik"
"183","Barbary"
"183","Nowy Bieżanów"
"183","Ćwiklińskiej"
"183","Nowy Prokocim"
"183","Teligi"
"183","Prokocim Szpital"
"183","Instytut Pediatrii"
"184","Os.Kurdwanów"
"184","Stojałowskiego"
"184","Halszki"
"184","Bujaka"
"184","Kurdwanów"
"184","Witosa"
"184","Nowosądecka"
"184","Wola Duchacka"
"184","Malborska Szkoła"
"184","Sułkowskiego"
"184","Malborska"
"184","Makowa"
"184","Kamieńskiego"
"184","Bonarka"
"184","Kamieńskiego Wiadukt"
"184","Rondo Matecznego"
"184","Ludwinów"
"184","Centrum Kongresowe"
"184","Stradom"
"184","Starowiślna"
"184","Hala Targowa"
"184","Rondo Grzegórzeckie"
"184","Rondo Mogilskie"
"184","Cmentarz Rakowicki"
"184","Narzymskiego"
"184","Pilotów"
"184","Rondo Młyńskie"
"184","Miechowity"
"184","Rondo Barei"
"184","Olszecka"
"184","Majora"
"184","Sudolska"
"184","Powstańców"
"184","Powstańców Garaże"
"184","Prądnik Czerwony"
"193","Na Załęczu"
"193","Habina"
"193","Odmętowa"
"193","Lasek Łęgowski"
"193","Lesisko"
"193","Lasek Mogilski"
"193","Stare Wiślisko"
"193","Klasztor Cystersów"
"193","Sieroszewskiego"
"193","Szpital Żeromskiego"
"193","Os.Na Skarpie"
"193","Klasztorna"
"193","Bulwarowa Ogródki Działkowe"
"193","Os.Willowe"
"193","Struga"
"193","Aleja Róż"
"193","Żeromskiego"
"193","Teatr Ludowy"
"193","Arka"
"193","Os.Jagiellońskie"
"193","Rondo Hipokratesa"
"193","Dunikowskiego"
"193","Kleeberga"
"193","Kruszwicka"
"193","Popielidów"
"193","Piasta Kołodzieja"
"193","Os.Piastów"
"193","Urząd Skarbowy Nowa Huta"
"193","Batowice PKP"
"193","Batowice"
"193","Cmentarz Batowice Wschód"
"193","Cmentarz Batowice"
"193","Prądnik Czerwony"
"194","Czerwone Maki"
"194","Czerwone Maki"
"194","Chmieleniec"
"194","Kampus UJ"
"194","Ruczaj"
"194","Norymberska"
"194","Rostworowskiego"
"194","Grota-Roweckiego"
"194","Lipińskiego"
"194","Kobierzyńska"
"194","Słomiana"
"194","Kapelanka"
"194","Szwedzka"
"194","Centrum Kongresowe"
"194","Centrum Kongresowe"
"194","Konopnickiej"
"194","Jubilat"
"194","Cracovia"
"194","Czarnowiejska"
"194","Kawiory"
"194","Biprostal"
"194","Mazowiecka"
"194","Łobzów PKP"
"194","Stachiewicza"
"194","Makowskiego"
"194","Krowoderskich Zuchów"
"201","Borek Fałęcki"
"201","Góra Borkowska"
"201","Zawiła Cmentarz"
"201","Las Borkowski"
"201","Zawiła"
"201","Komuny Paryskiej"
"201","Kobierzyn"
"201","Babińskiego"
"201","Skotniki"
"201","Baczyńskiego"
"201","Wrony"
"201","Skawina Podlipki"
"201","Skawina Rzepnik"
"201","Skawina Cmentarz"
"201","Skawina Popiełuszki"
"201","Skawina Ajka"
"202","Czyżyny Dworzec"
"202","Rondo Czyżyńskie"
"202","Rondo Kocmyrzowskie im. Ks. Gorzelanego"
"202","Teatr Ludowy"
"202","Kocmyrzowska"
"202","Wańkowicza"
"202","Darwina"
"202","Wzgórza Krzesławickie"
"202","Grębałów"
"202","Gustawa Morcinka"
"202","Prusy"
"202","Prusy Szkoła"
"202","Prusy WSR"
"202","Sulechów"
"202","Dojazdów PKS"
"202","Dojazdów Działki"
"202","Kocmyrzów Rondo"
"202","Luborzyca Szkoła"
"202","Luborzyca"
"202","Wola Luborzycka Działki"
"202","Wola Luborzycka"
"202","Wola Luborzycka Las"
"202","Goszyce"
"202","Goszyce Remiza"
"202","Skrzeszowice"
"202","Łososkowice Szkoła"
"203","Czerwone Maki"
"203","Czerwone Maki"
"203","Mochnaniec"
"203","Skotniki Szkoła"
"203","Winnicka"
"203","Fort Winnica"
"203","Kostrze Szkoła"
"203","Wały Wiślane"
"203","Kostrze Kapliczka"
"203","Kolna"
"203","Tor Kajakowy"
"203","Kolna"
"203","Tyniecka Autostrada"
"203","Bolesława Śmiałego"
"203","Tyniec"
"203","Bogucianka"
"203","Janasówka"
"203","Skawina Podgórki Skawińskie"
"203","Skawina Samborek Most"
"203","Skawina Wojska Polskiego"
"203","Skawina Tyniecka"
"203","Skawina Tyniecka Osiedle"
"203","Skawina Sąd"
"203","Skawina Szkoła"
"203","Skawina Rynek"
"203","Skawina Cmentarz"
"203","Skawina Popiełuszki"
"203","Skawina 29 Listopada"
"203","Skawina Starostwo Powiatowe"
"203","Skawina Ogrody"
"203","Skawina Kopernika"
"203","Skawina Cmentarz Komunalny"
"203","Skawina Wyspiańskiego Szkoła"
"203","Skawina Korabniki"
"203","Skawina Graniczna"
"203","Nałkowskiej"
"203","Petrażyckiego"
"203","Żyzna"
"203","Sidzina Olszyny"
"203","Taklińskiego"
"203","Podgaje"
"203","Opatkowice"
"203","Opatkowice Wiadukt"
"203","Kąpielowa"
"203","Judyma"
"203","Góra Borkowska"
"204","Borek Fałęcki"
"204","Góra Borkowska"
"204","Jugowicka"
"204","Myślenicka"
"204","Bujaka"
"204","Kurdwanów"
"204","Witosa"
"204","Nowosądecka"
"204","Piaski Nowe"
"204","Dauna"
"204","Bieżanowska"
"204","Wlotowa"
"204","Prokocim Szpital"
"204","Jerzmanowskiego"
"204","Wielicka"
"204","Wielicka Granica Miasta"
"204","Wieliczka CPN"
"204","Wieliczka Kościół"
"204","Wieliczka Cmentarz"
"207","Krowodrza Górka"
"207","Zdrowa"
"207","Pleszowska"
"207","Białoprądnicka"
"207","Piaszczysta"
"207","Glogera"
"207","Glogera Granica Miasta"
"207","Zielonki Skrzyżowanie"
"207","Zielonki UG"
"207","Zielonki Transformator"
"207","Zielonki Rozjazd"
"207","Trojanowice Krakowska"
"208","Dworzec Główny Wschód"
"208","Politechnika"
"208","Nowy Kleparz"
"208","Grottgera"
"208","Plac Inwalidów"
"208","Czarnowiejska"
"208","Kawiory"
"208","Miasteczko Studenckie AGH"
"208","Przybyszewskiego"
"208","Armii Krajowej"
"208","Zarzecze"
"208","Balicka Wiadukt"
"208","Bronowice Małe"
"208","Giełda Balicka P+R"
"208","Lindego"
"208","UR Balicka"
"208","Młynówka SKA"
"208","Godlewskiego"
"208","Zakliki"
"208","Mydlniki"
"208","Mydlniki Stawy"
"208","Mydlniki Granica Miasta"
"208","Szczyglice Podkamycze"
"208","Szczyglice Autostrada"
"208","Szczyglice Dom Kultury"
"208","Szczyglice"
"208","Balice Autostrada"
"208","Balice Autostrada"
"208","Balice I"
"209","Salwator"
"209","Malczewskiego"
"209","Księcia Józefa"
"209","Benedyktowicza"
"209","Glinnik"
"209","Przegorzały"
"209","Zaskale"
"209","Na Krępaku"
"209","Bielańskie Skały"
"209","Wodociągi"
"209","Bielany Klasztor"
"209","Bielany Szkoła"
"209","Bielany"
"209","Granica Miasta"
"209","Kryspinów"
"209","Budzyń Zalew na Piaskach"
"209","Balice Olszanica Bory"
"209","Balice Medweckiego"
"209","Balice I"
"209","Balice Autostrada"
"209","Balice Szkoła"
"209","Balice Instytut"
"209","Balice Winna Góra"
"209","Aleksandrowice Osiedle"
"209","Aleksandrowice"
"209","Morawica Cmentarz"
"209","Morawica Krzyżówka"
"210","Bronowice Małe"
"210","Bronowice Wiadukt"
"210","Rondo Ofiar Katynia"
"210","Stawowa"
"210","Jasnogórska"
"210","Skrzyżowanie do Podchruścia"
"210","Modlnica I Kolonia"
"210","Modlnica II"
"210","Szyce II"
"210","Szyce I"
"210","Wielka Wieś"
"210","Biały Kościół"
"210","Murownia"
"210","Czajowice"
"210","Bębło Stara Wieś"
"210","Bębło Łabajowa"
"210","Bębło Lasek"
"210","Będkowice Mosurowa"
"210","Będkowice Kawiory"
"210","Będkowice Borynia"
"210","Będkowice Cmentarz"
"210","Będkowice"
"210","Będkowice Długa"
"211","Kombinat"
"211","Kombinat"
"211","Kopiec Wandy"
"211","Bardosa"
"211","Bardosa"
"211","Fort Mogiła"
"211","Jeżynowa"
"211","Brama nr 5"
"211","Koksochemia"
"211","Pleszów"
"211","Zakład Przeróbki"
"211","Szymańskiego"
"211","Wyciąże"
"211","Wyciąże Sklep"
"211","Wyciąska"
"211","Podstawie"
"211","Drożyska"
"211","Przylasek Wyciąski"
"211","Siejówka"
"211","Bartnicza"
"211","Wolica Sklep"
"211","Wolica Kościół"
"211","Wolica Most"
"211","Niepołomice Kolejowa"
"211","Niepołomice Moczydło"
"211","Niepołomice Dworzec"
"211","Niepołomice Rynek"
"211","Niepołomice Batorego"
"211","Niepołomice Batorego II"
"211","Niepołomice Jazy"
"211","Niepołomice Jazy II"
"211","Wola Batorska Ruskie"
"211","Wola Batorska Żwirownia"
"211","Wola Batorska Kościół"
"211","Wola Batorska Cmentarz"
"211","Wola Batorska Borek"
"211","Wola Batorska Mikoniowiec"
"211","Wola Batorska Zamoglice"
"211","Zabierzów Bocheński Centrum"
"211","Wola Zabierzowska"
"211","Chobot"
"212","Czyżyny Dworzec"
"212","Rondo Czyżyńskie"
"212","Rondo Kocmyrzowskie im. Ks. Gorzelanego"
"212","Teatr Ludowy"
"212","Kocmyrzowska"
"212","Wańkowicza"
"212","Darwina"
"212","Wzgórza Krzesławickie"
"212","Grębałów"
"212","Gustawa Morcinka"
"212","Prusy"
"212","Prusy Szkoła"
"212","Prusy WSR"
"212","Sulechów"
"212","Dojazdów PKS"
"212","Dojazdów Działki"
"212","Kocmyrzów Rondo"
"212","Kocmyrzów Krzyżówka"
"212","Kocmyrzów Biblioteka"
"212","Kocmyrzów Sodfiny"
"212","Głęboka Kolonia"
"212","Głęboka"
"212","Karniów"
"213","Czerwone Maki"
"213","Czerwone Maki"
"213","Bunscha"
"213","Babińskiego"
"213","Skotniki"
"213","Baczyńskiego"
"213","Wrony"
"213","Skawina Podlipki"
"213","Skawina Rzepnik"
"213","Skawina Rynek"
"213","Skawina Szkoła"
"213","Skawina Sąd"
"213","Skawina Koncentraty"
"213","Rzozów Baseny"
"213","Rzozów I"
"213","Rzozów Szkoła"
"213","Gołuchowice"
"213","Gołuchowice Jurczyce"
"213","Gołuchowice Sklep"
"213","Polanka Hallera Dwór"
"213","Grabie Polanka"
"213","Krzęcin Sklep"
"213","Krzęcin Cmentarz"
"213","Krzęcin Kościół"
"213","Krzęcin Kapliczka"
"213","Krzęcin Częsna"
"214","Borek Fałęcki"
"214","Góra Borkowska"
"214","Judyma"
"214","Kąpielowa"
"214","Wilga"
"214","Zdrojowa"
"214","Swoszowice Sklep"
"214","Swoszowice Poczta"
"214","Swoszowice"
"214","Fort Swoszowice"
"214","Landaua"
"214","Rajsko"
"214","Geologów"
"214","Malinowskiego"
"214","Drużbackiej"
"214","Soboniowice"
"214","Pod Lipą"
"214","Soboniowice Granica Miasta"
"215","Borek Fałęcki"
"215","Góra Borkowska"
"215","Judyma"
"215","Kąpielowa"
"215","Wilga"
"215","Zdrojowa"
"215","Swoszowice Sklep"
"215","Swoszowice Poczta"
"215","Swoszowice"
"215","Wróblowice Szkoła"
"215","Wróblowice Rozwidlenie"
"215","Ukraina"
"215","Zbydniowice"
"215","Wrząsowice Wrzosowa"
"215","Wrząsowice Centrum"
"215","Wrząsowice Pileckiego"
"215","Wrząsowice Kowaleca"
"215","Wrząsowice"
"215","Wrząsowice Zielona"
"215","Świątniki Krakowska"
"215","Świątniki Urząd Miasta i Gminy"
"215","Świątniki Centrum"
"215","Świątniki Bielowicza Szkoła"
"215","Świątniki Skrzyżowanie"
"215","Świątniki Górne Piasna Górka"
"215","Rzeszotary Zalesie"
"215","Rzeszotary Panciawa"
"217","Krowodrza Górka"
"217","Zdrowa"
"217","Mackiewicza"
"217","Imbramowska"
"217","Opolska Estakada"
"217","Aleja 29 Listopada"
"217","Kuźnicy Kołłątajowskiej"
"217","Belwederczyków"
"217","Trzecia Góra"
"217","Węgrzce Starostwo Powiatowe"
"217","Węgrzce"
"217","Węgrzce Centrum"
"217","Węgrzce Błonie"
"218","Bronowice Małe"
"218","Giełda Balicka P+R"
"218","Lindego"
"218","UR Balicka"
"218","Młynówka SKA"
"218","Godlewskiego"
"218","Zakliki"
"218","Mydlniki"
"218","Mydlniki Stawy"
"218","Mydlniki Granica Miasta"
"218","Szczyglice Podkamycze"
"218","Szczyglice Autostrada"
"218","Szczyglice Dom Kultury"
"218","Szczyglice"
"218","Balice Autostrada"
"218","Balice Autostrada"
"218","Balice Szkoła"
"218","Balice OSP"
"218","Balice Leśna"
"218","Balice Grzybów"
"218","Burów"
"218","Burów Centrum"
"218","Kleszczów Pod Lipką"
"220","Krowodrza Górka"
"220","Krowoderskich Zuchów"
"220","Batalionu Skała AK"
"220","Wyki"
"220","Skrajna"
"220","Jordanowska"
"220","Chabrowa"
"220","Os.Łokietka"
"220","Poziomkowa"
"220","Gospodarska"
"220","Tonie Skrzyżowanie"
"220","Tonie Gliniki"
"220","Modlnica Trojadyn Szydło"
"220","Giebułtów Trojadyn Trafo"
"220","Giebułtów Trojadyn"
"220","Trojadyn Skrzyżowanie"
"221","Mały Płaszów"
"221","Mały Płaszów"
"221","Surzyckiego"
"221","Albatrosów"
"221","Jeżowa"
"221","Rybitwy Sklep"
"221","Rybitwy Dom Kultury"
"221","Rybitwy Rozjazd"
"221","Szparagowa"
"221","Ks.Targosza"
"221","Przewóz"
"221","Łutnia"
"221","Brzegi I"
"221","Brzegi III"
"221","Grabie Szczurów"
"221","Grabie Dom Kultury"
"221","Grabie Kościół"
"221","Niepołomice Podgrabie"
"221","Niepołomice Pasternik"
"221","Niepołomice Kątek"
"221","Niepołomice Poręby"
"221","Niepołomice Diesla"
"221","Niepołomice Wodna"
"221","Niepołomice Płaszowska I"
"221","Niepołomice Kościuszki"
"221","Niepołomice Rynek"
"222","Czyżyny Dworzec"
"222","Rondo Czyżyńskie"
"222","Rondo Kocmyrzowskie im. Ks. Gorzelanego"
"222","Teatr Ludowy"
"222","Kocmyrzowska"
"222","Wańkowicza"
"222","Darwina"
"222","Wzgórza Krzesławickie"
"222","Grębałów"
"222","Gustawa Morcinka"
"222","Prusy"
"222","Prusy Szkoła"
"222","Prusy WSR"
"222","Sulechów"
"222","Dojazdów PKS"
"222","Dojazdów Działki"
"222","Kocmyrzów Rondo"
"222","Luborzyca Szkoła"
"222","Luborzyca"
"222","Wysiołek Luborzycki Skrzyżowanie"
"222","Wysiołek Luborzycki"
"222","Wysiołek Luborzycki Radwany"
"222","Marszowice Góry"
"222","Marszowice Centrum"
"222","Marszowice"
"222","Polanowice Kolonia"
"222","Polanowice"
"222","Niedźwiedź PKP"
"222","Niedźwiedź Felix"
"222","Ratajów Skrzyżowanie"
"222","Słomniki Zagłoby"
"222","Słomniki Rynek"
"222","Słomniki Kościuszki"
"223","Czerwone Maki"
"223","Czerwone Maki"
"223","Bunscha"
"223","Babińskiego"
"223","Skotniki"
"223","Baczyńskiego"
"223","Wrony"
"223","Skawina Podlipki"
"223","Skawina Rzepnik"
"223","Skawina Rynek"
"223","Skawina Szkoła"
"223","Skawina Sąd"
"223","Skawina Koncentraty"
"223","Skawina Zachodnia"
"223","Skawina Elektrownia"
"223","Skawina Piłsudskiego"
"223","Skawina Podbory"
"223","Borek Szlachecki I"
"223","Borek Szlachecki II"
"223","Zelczyna I"
"223","Zelczyna Sklep"
"223","Zelczyna Szkoła"
"223","Wielkie Drogi"
"223","Wielkie Drogi PKP"
"223","Wielkie Drogi Ośrodek Zdrowia"
"223","Wielkie Drogi Szkoła"
"223","Wielkie Drogi Trzebol"
"223","Jaśkowice PKP"
"223","Jaśkowice"
"223","Brzeźnica Kuźnia"
"223","Brzeźnica Pasieka"
"224","Centrum JP II"
"224","Przykopy"
"224","Kurdwanów"
"224","Witosa"
"224","Nowosądecka"
"224","Piaski Nowe"
"224","Dauna"
"224","Bieżanowska"
"224","Wlotowa"
"224","Prokocim Szpital"
"224","Jerzmanowskiego"
"224","Wielicka"
"224","Wielicka Granica Miasta"
"224","Krzyszkowice Modrzewiowa"
"224","Krzyszkowice Krzyszkowicka"
"224","Krzyszkowice Os.Szymanowskiego"
"224","Wieliczka Solne Miasto"
"224","Wieliczka Sąd"
"224","Wieliczka Klaśnieńska"
"224","Wieliczka Kopalnia Soli"
"224","Wieliczka Goliana"
"224","Wieliczka Cmentarz"
"225","Borek Fałęcki"
"225","Góra Borkowska"
"225","Judyma"
"225","Kąpielowa"
"225","Wilga"
"225","Zdrojowa"
"225","Swoszowice Sklep"
"225","Swoszowice Poczta"
"225","Swoszowice"
"225","Wróblowice Szkoła"
"225","Wróblowice Rozwidlenie"
"225","Ukraina"
"225","Zbydniowice"
"225","Wrząsowice Nad Wilgą"
"225","Wrząsowice Pod Skałą"
"225","Ochojno Dąbrówki"
"225","Ochojno Kamieniec"
"225","Ochojno Skrzyżowanie"
"225","Rzeszotary Górne"
"225","Rzeszotary Polanki"
"225","Rzeszotary"
"225","Rzeszotary Tempo"
"225","Rzeszotary Trafo"
"225","Rzeszotary Szkoła"
"225","Rzeszotary Pod Dębiną"
"225","Świątniki Skrzyżowanie"
"225","Świątniki Bielowicza Szkoła"
"225","Świątniki Centrum"
"226","Bronowice Małe"
"226","Giełda Balicka P+R"
"226","Lindego"
"226","UR Balicka"
"226","Młynówka SKA"
"226","Godlewskiego"
"226","Zakliki"
"226","Mydlniki"
"226","Mydlniki Stawy"
"226","Mydlniki Granica Miasta"
"226","Szczyglice Podkamycze"
"226","Szczyglice Most"
"226","Balice Autostrada"
"226","Balice Autostrada"
"226","Balice Szkoła"
"226","Balice Instytut"
"226","Balice Winna Góra"
"226","Aleksandrowice Osiedle"
"226","Aleksandrowice"
"226","Morawica Cmentarz"
"226","Morawica Krzyżówka"
"226","Morawica Mostek"
"226","Chrosna Kapliczka"
"226","Chrosna Sklep"
"226","Chrosna Studnia"
"227","Krowodrza Górka"
"227","Zdrowa"
"227","Pleszowska"
"227","Białoprądnicka"
"227","Piaszczysta"
"227","Glogera"
"227","Glogera Granica Miasta"
"227","Zielonki Skrzyżowanie"
"227","Zielonki UG"
"227","Zielonki Transformator"
"227","Zielonki Rozjazd"
"227","Garlica Murowana Podskale"
"227","Garlica Murowana Kasztany"
"227","Garlica Murowana"
"227","Garlica Duchowna"
"227","Garlica Duchowna Droga do Garliczki"
"227","Wola Zachariaszowska"
"227","Wola Zachariaszowska Zakońce"
"229","Salwator"
"229","Malczewskiego"
"229","Księcia Józefa"
"229","Benedyktowicza"
"229","Glinnik"
"229","Przegorzały"
"229","Na Krępaku"
"229","Bielańskie Skały"
"229","Wodociągi"
"229","Bielany Klasztor"
"229","Bielany Szkoła"
"229","Bielany"
"229","Granica Miasta"
"229","Kryspinów"
"229","Kryspinów Sanka"
"229","Liszki I"
"229","Liszki UG"
"229","Liszki Krzyżówka"
"229","Liszki Wołowska Droga"
"229","Wyźrał Wielka Droga"
"229","Wyźrał Szkoła"
"229","Kaszów Wyźrał"
"229","Zagacie Witkówki"
"229","Zagacie"
"229","Czernichów GS"
"229","Czernichów"
"229","Czernichów Zakamycze"
"229","Czernichów Ratanice Most"
"229","Czernichów Ratanice"
"229","Kłokoczyn"
"229","Rusocice Łęg"
"229","Rusocice Załęg"
"229","Rusocice Wieś"
"229","Rusocice Skład"
"229","Rusocice Droga do Kościoła"
"229","Rusocice Jałowce"
"229","Rusocice Stacja Benzynowa"
"229","Kamień Dół"
"230","Bronowice Małe"
"230","Bronowice Wiadukt"
"230","Rondo Ofiar Katynia"
"230","Stawowa"
"230","Jasnogórska"
"230","Skrzyżowanie do Podchruścia"
"230","Modlniczka Poligon"
"230","Modlniczka I"
"230","Modlniczka"
"230","Modlnica Skrzyżowanie"
"230","Modlnica"
"230","Tomaszowice Wedonka"
"230","Tomaszowice I"
"230","Tomaszowice"
"230","Tomaszowice Gliniki"
"232","Czyżyny Dworzec"
"232","Rondo Czyżyńskie"
"232","Rondo Kocmyrzowskie im. Ks. Gorzelanego"
"232","Teatr Ludowy"
"232","Kocmyrzowska"
"232","Wańkowicza"
"232","Darwina"
"232","Wzgórza Krzesławickie"
"232","Grębałów"
"232","Gustawa Morcinka"
"232","Prusy"
"232","Prusy Szkoła"
"232","Prusy WSR"
"232","Sulechów"
"232","Dojazdów PKS"
"232","Dojazdów Działki"
"232","Kocmyrzów Rondo"
"232","Luborzyca Szkoła"
"232","Luborzyca"
"232","Wysiołek Luborzycki Skrzyżowanie"
"232","Wysiołek Luborzycki Kapkazy"
"232","Łuczyce Las"
"232","Łuczyce"
"232","Łuczyce Zjawienie"
"232","Łuczyce Zwierzyniec"
"232","Sadowie"
"232","Goszcza Cmentarz"
"233","Borek Fałęcki"
"233","Góra Borkowska"
"233","Zawiła Cmentarz"
"233","Las Borkowski"
"233","Zawiła"
"233","Komuny Paryskiej"
"233","Kobierzyn"
"233","Babińskiego"
"233","Skotniki"
"233","Baczyńskiego"
"233","Wrony"
"233","Skawina Podlipki"
"233","Skawina Rzepnik"
"233","Skawina Cmentarz"
"233","Skawina Popiełuszki"
"233","Skawina Ajka"
"233","Skawina"
"233","Skawina Ajka"
"233","Skawina Cmentarz"
"233","Skawina Rynek"
"233","Skawina Szkoła"
"233","Skawina Sąd"
"233","Skawina Koncentraty"
"233","Skawina Energetyków Przejazd PKP"
"233","Skawina Energetyków"
"233","Skawina Robotnicza"
"233","Kopanka Kościół"
"233","Kopanka Szkoła"
"233","Skawina Pileckiego"
"233","Skawina Ofiar Katynia"
"233","Kopanka Kapliczka"
"233","Kopanka Druga"
"235","Borek Fałęcki"
"235","Góra Borkowska"
"235","Judyma"
"235","Kąpielowa"
"235","Opatkowice Wiadukt"
"235","Opatkowice"
"235","Ważewskiego"
"235","Libertów Zgodna"
"235","Libertów"
"235","Libertów Szkoła"
"235","Libertów Działy"
"235","Libertów Krzyżówka"
"235","Libertów Droga do Sidziny"
"235","Brzyczyna"
"235","Skawina Wyspiańskiego"
"235","Skawina Korabnicka"
"235","Skawina Korabnicka Szkoła"
"235","Skawina Cmentarz"
"235","Skawina Rynek"
"235","Skawina Szkoła"
"235","Skawina Sąd"
"235","Skawina Koncentraty"
"235","Skawina Zachodnia"
"235","Skawina Elektrownia"
"235","Skawina Piłsudskiego"
"237","Krowodrza Górka"
"237","Zdrowa"
"237","Pleszowska"
"237","Białoprądnicka"
"237","Piaszczysta"
"237","Glogera"
"237","Glogera Granica Miasta"
"237","Zielonki Skrzyżowanie"
"237","Zielonki UG"
"237","Zielonki Transformator"
"237","Zielonki Rozjazd"
"237","Trojanowice Strugi"
"237","Trojanowice"
"237","Januszowice"
"237","Przybysławice II"
"237","Przybysławice III"
"237","Przybysławice I"
"237","Brzozówka Sklep"
"237","Brzozówka"
"237","Owczary"
"238","Bronowice Małe"
"238","Bronowice Wiadukt"
"238","Rondo Ofiar Katynia"
"238","Katowicka"
"238","Pasternik Cmentarz"
"238","Pasternik"
"238","Droga do Rząski"
"238","Rząska Jednostka Wojskowa"
"238","Rząska UR"
"238","Rząska"
"238","Rząska Autostrada"
"238","Modlniczka Mała"
"238","Zabierzów Działki"
"238","Kraków Business Park"
"238","Zabierzów Sklep"
"238","Zabierzów Piekarnia"
"238","Zabierzów I"
"238","Zabierzów Piaski"
"238","Zabierzów Ośrodek Zdrowia"
"238","Kochanów I"
"238","Kochanów"
"238","Droga do Niegoszowic"
"238","Rudawa Stadion"
"238","Rudawa PKP"
"238","Rudawa Kościół"
"238","Rudawa"
"238","Rudawa Młyn"
"238","Młynka I"
"239","Salwator"
"239","Malczewskiego"
"239","Księcia Józefa"
"239","Benedyktowicza"
"239","Glinnik"
"239","Przegorzały"
"239","Zaskale"
"239","Na Krępaku"
"239","Bielańskie Skały"
"239","Wodociągi"
"239","Bielany Klasztor"
"239","Bielany Szkoła"
"239","Bielany"
"239","Granica Miasta"
"239","Kryspinów"
"239","Kryspinów Sanka"
"239","Liszki I"
"239","Liszki UG"
"239","Liszki Krzyżówka"
"239","Liszki Wołowska Droga"
"239","Rączna Dzikowiec"
"239","Rączna Podlas"
"239","Rączna Kościół"
"239","Rączna OSP"
"239","Rączna Boisko"
"239","Jeziorzany Rondo"
"240","Krowodrza Górka"
"240","Krowoderskich Zuchów"
"240","Batalionu Skała AK"
"240","Wyki"
"240","Skrajna"
"240","Jordanowska"
"240","Chabrowa"
"240","Os.Łokietka"
"240","Poziomkowa"
"240","Gospodarska"
"240","Tonie Skrzyżowanie"
"240","Tonie Kąty"
"242","Kombinat"
"242","Zajezdnia Nowa Huta"
"242","Elektromontaż"
"242","Lubocza PKP"
"242","Lubocza Bugaj"
"242","Lubocza Przychodnia"
"242","Lubocza Szkoła"
"242","Lubocza Trafo"
"242","Wadowska"
"242","Wadów"
"242","Wadów Szkoła"
"242","Wadów Osiedle"
"242","Łuczanowice Skrzyżowanie"
"242","Bystronia"
"242","Łuczanowice"
"242","Krzysztoforzyce Góra"
"242","Krzysztoforzyce przy Dworze"
"242","Krzysztoforzyce Sklep"
"243","Dworzec Płaszów"
"243","Dworcowa"
"243","Kabel"
"243","Bieżanowska"
"243","Prosta"
"243","Prokocim Rynek"
"243","Młodzieży"
"243","Cmentarz Prokocim"
"243","Ćwiklińskiej"
"243","Nowy Bieżanów"
"243","Barbary"
"243","Bieżanów Pomnik"
"243","Sucharskiego"
"243","Złocieniowa"
"243","Bieżanów Granica Miasta"
"243","Czarnochowice I"
"243","Kokotów I"
"243","Kokotów II"
"243","Węgrzce Wielkie II"
"243","Węgrzce Wielkie III"
"244","Czerwone Maki"
"244","Czerwone Maki"
"244","Bunscha"
"244","Babińskiego"
"244","Kobierzyn"
"244","Komuny Paryskiej"
"244","Zawiła"
"244","Las Borkowski"
"244","Zawiła Cmentarz"
"244","Góra Borkowska"
"244","Borek Fałęcki"
"244","Góra Borkowska"
"244","Jugowicka"
"244","Myślenicka"
"244","Bujaka"
"244","Kurdwanów"
"244","Witosa"
"244","Nowosądecka"
"244","Piaski Nowe"
"244","Dauna"
"244","Bieżanowska"
"244","Wlotowa"
"244","Prokocim Szpital"
"244","Jerzmanowskiego"
"244","Wielicka"
"244","Wielicka Granica Miasta"
"244","Krzyszkowice Modrzewiowa"
"244","Krzyszkowice Kasztanowa II"
"244","Krzyszkowice Kasztanowa I"
"244","Krzyszkowice Kościół"
"244","Krzyszkowice Os.Szymanowskiego"
"244","Wieliczka CPN"
"244","Wieliczka Kościół"
"244","Wieliczka Cmentarz"
"245","Borek Fałęcki"
"245","Góra Borkowska"
"245","Judyma"
"245","Kąpielowa"
"245","Opatkowice Wiadukt"
"245","Opatkowice"
"245","Ważewskiego"
"245","Libertów"
"245","Gaj Szkoła"
"245","Gaj Zadziele"
"245","Mogilany Rynek"
"245","Mogilany Cmentarz"
"245","Mogilany Kopce"
"245","Chorowice"
"245","Kulerzów Wąwóz"
"245","Kulerzów"
"245","Buków Szkoła"
"245","Buków Klin"
"245","Buków"
"245","Skawina Bukowska"
"247","Krowodrza Górka"
"247","Zdrowa"
"247","Mackiewicza"
"247","Imbramowska"
"247","Opolska Estakada"
"247","Aleja 29 Listopada"
"247","Kuźnicy Kołłątajowskiej"
"247","Belwederczyków"
"247","Trzecia Góra"
"247","Węgrzce Starostwo Powiatowe"
"247","Węgrzce"
"247","Bibice Kościuszki"
"248","Bronowice Małe"
"248","Bronowice Wiadukt"
"248","Rondo Ofiar Katynia"
"248","Katowicka"
"248","Pasternik Cmentarz"
"248","Pasternik"
"248","Droga do Rząski"
"248","Leroy Merlin"
"248","Modlniczka Mała"
"248","Zabierzów Działki"
"248","Zabierzów Sklep"
"248","Zabierzów Piekarnia"
"248","Zabierzów Gimnazjum"
"248","Zabierzów PKP"
"248","Bolechowice Zielona"
"248","Bolechowice Krzewiny"
"248","Bolechowice Drogi"
"248","Bolechowice"
"248","Zelków Wola"
"248","Zelków Staw"
"248","Zelków Spławy"
"248","Zelków I"
"249","Salwator"
"249","Malczewskiego"
"249","Księcia Józefa"
"249","Benedyktowicza"
"249","Glinnik"
"249","Przegorzały"
"249","Na Krępaku"
"249","Bielańskie Skały"
"249","Wodociągi"
"249","Skalna"
"249","Bielańska"
"249","Kryspinów Stopień Wodny"
"249","Piekary Na Brzegu"
"249","Piekary Korea"
"249","Piekary Sklep"
"249","Piekary"
"249","Piekary Borki"
"249","Piekary Dół"
"249","Liszki Tyniecka"
"249","Liszki UG"
"249","Liszki Krzyżówka"
"249","Kaszów Łysa Góra"
"249","Kaszów Tyrałówka"
"249","Kaszów"
"249","Kaszów II"
"249","Nowa Wieś Kapliczka"
"249","Nowa Wieś"
"249","Nowa Wieś Kościół"
"249","Nowa Wieś Szlachecka"
"249","Nowa Wieś Jesionka"
"249","Przeginia Duchowna Szkoła"
"249","Przeginia Duchowna Centrum"
"249","Przeginia Duchowna Bar"
"249","Przeginia Narodowa Bonar"
"249","Przeginia Narodowa"
"249","Czernichów Bór"
"249","Czernichów Zakamycze"
"250","Prądnik Czerwony"
"250","Strzelców"
"250","Rondo Barei"
"250","Strzelców"
"250","Prądnik Czerwony"
"250","Cmentarz Batowice"
"250","Cmentarz Batowice Wschód"
"250","Batowice"
"250","Batowice PKP"
"250","Batowice Spławy"
"250","Batowice Kapliczka"
"250","Batowice Dłubnia"
"250","Raciborowice"
"250","Raciborowice Granica"
"252","Pleszów"
"252","Zakład Przeróbki"
"252","Szymańskiego"
"252","Wyciąże"
"252","Janówka"
"252","Błonia Kościelnickie"
"252","Kościelniki"
"252","Zabłocie Kościelnickie"
"252","Resztówka"
"252","Ostafina"
"252","Hektary"
"252","Wróżenice Górka"
"252","Wróżenice"
"252","Wróżenice Górka"
"252","Wróżenicka"
"252","Czulice I"
"253","Czerwone Maki"
"253","Czerwone Maki"
"253","Bunscha"
"253","Babińskiego"
"253","Skotniki"
"253","Baczyńskiego"
"253","Wrony"
"253","Skawina Podlipki"
"253","Skawina Rzepnik"
"253","Skawina Cmentarz"
"253","Skawina Popiełuszki"
"253","Skawina Ajka"
"253","Skawina Centrum Sportowe"
"253","Skawina Radziszowska"
"253","Skawina Os.Radziszowskie"
"253","Skawina Nad Potokiem"
"253","Radziszów Kamionna"
"253","Radziszów Centrum"
"253","Radziszów Zadworze"
"253","Radziszów Włosanka"
"253","Radziszów Podlesie"
"253","Radziszów Leśniczówka"
"253","Radziszów Stare Sanatorium"
"255","Borek Fałęcki"
"255","Góra Borkowska"
"255","Judyma"
"255","Kąpielowa"
"255","Opatkowice Wiadukt"
"255","Opatkowice"
"255","Ważewskiego"
"255","Libertów Dolny"
"255","Lusina Granica"
"255","Lusina"
"255","Lusina Dwór"
"255","Lusina Spacerowa"
"255","Lusina Szkoła"
"255","Lusina Łany"
"255","Lusina Pętla"
"255","Gaj Kwiatowa"
"255","Gaj Rudawa"
"255","Gaj Zgody"
"257","Nowy Kleparz"
"257","Biskupa Prandoty"
"257","Opolska Estakada"
"257","Aleja 29 Listopada"
"257","Kuźnicy Kołłątajowskiej"
"257","Belwederczyków"
"257","Trzecia Góra"
"257","Węgrzce Starostwo Powiatowe"
"257","Węgrzce"
"257","Bibice"
"257","Michałowice Komora"
"257","Michałowice Banasiówka"
"257","Michałowice Kwiaty Polne"
"257","Michałowice Brzozowa"
"257","Michałowice Las Michałowski"
"257","Michałowice Ujęcie Wody"
"257","Michałowice Ośrodek Zdrowia"
"257","Michałowice II"
"257","Warszówka"
"257","Laskowiec"
"257","Michałowice Gościniec"
"257","Kozierów Skrzyżowanie"
"258","Bronowice Małe"
"258","Bronowice Wiadukt"
"258","Rondo Ofiar Katynia"
"258","Katowicka"
"258","Pasternik Cmentarz"
"258","Pasternik"
"258","Droga do Rząski"
"258","Rząska Jednostka Wojskowa"
"258","Rząska UR"
"258","Rząska"
"258","Rząska Autostrada"
"258","Modlniczka Mała"
"258","Zabierzów Działki"
"258","Zabierzów"
"258","Skała Kmity"
"258","Szczyglice"
"258","Balice Autostrada"
"258","Balice Autostrada"
"258","Balice Szkoła"
"258","Balice Instytut"
"258","Balice Winna Góra"
"258","Aleksandrowice Osiedle"
"258","Aleksandrowice"
"258","Morawica Cmentarz"
"258","Brzoskwinia Koziary"
"258","Brzoskwinia Góra"
"258","Brzoskwinia Sklep"
"258","Brzoskwinia Kamyk"
"258","Brzoskwinia"
"258","Nielepice Stadnina"
"259","Salwator"
"259","Malczewskiego"
"259","Księcia Józefa"
"259","Benedyktowicza"
"259","Glinnik"
"259","Przegorzały"
"259","Zaskale"
"259","Na Krępaku"
"259","Bielańskie Skały"
"259","Wodociągi"
"259","Skalna"
"259","Bielańska"
"259","Kryspinów Stopień Wodny"
"259","Piekary Na Brzegu"
"259","Piekary Korea"
"259","Piekary Sklep"
"259","Piekary"
"259","Piekary Pałac"
"259","Piekary Górne"
"259","Piekary III"
"259","Rączna Kapliczka"
"259","Rączna OSP"
"259","Rączna Boisko"
"259","Rączna Osiedle"
"259","Dąbrowa Szlachecka Krzyż"
"259","Dąbrowa Szlachecka Figurka"
"259","Dąbrowa Szlachecka"
"259","Dąbrowa Szlachecka Krzemiennik"
"259","Wołowice Szkoła"
"259","Wołowice"
"259","Wołowice Kapliczka"
"259","Wołowice"
"259","Wołowice Sklep"
"259","Wołowice Pichonówka"
"259","Wołowice Niwa"
"259","Czernichów Stacja Paliw"
"259","Czernichów GS"
"260","Prądnik Czerwony"
"260","Strzelców"
"260","Rondo Barei"
"260","Strzelców"
"260","Prądnik Czerwony"
"260","Cmentarz Batowice"
"260","Cmentarz Batowice Wschód"
"260","Batowice"
"260","Batowice PKP"
"260","Batowice Spławy"
"260","Batowice Kapliczka"
"260","Batowice Dłubnia"
"260","Raciborowice Centrum"
"260","Kończyce"
"260","Książniczki Boisko"
"260","Książniczki Centrum"
"260","Książniczki Las"
"260","Młodziejowice Młyn"
"260","Młodziejowice Park"
"260","Michałowice Ogrodowa"
"260","Michałowice"
"260","Michałowice I"
"260","Michałowice Koźlica"
"260","Masłomiąca Staw"
"260","Masłomiąca"
"260","Więcławice Stare"
"260","Sieborowice"
"260","Zagórzyce Stare"
"260","Zagórzyce Dworskie"
"260","Zagórzyce Stare"
"260","Sieborowice"
"260","Więcławice Stare Wysyłek"
"260","Pielgrzymowice Granica"
"260","Pielgrzymowice"
"263","Czerwone Maki"
"263","Czerwone Maki"
"263","Bunscha"
"263","Babińskiego"
"263","Skotniki"
"263","Baczyńskiego"
"263","Wrony"
"263","Skawina Podlipki"
"263","Skawina Rzepnik"
"263","Skawina Rynek"
"263","Skawina Szkoła"
"263","Skawina Sąd"
"263","Skawina Koncentraty"
"263","Rzozów Baseny"
"263","Rzozów I"
"263","Rzozów Skotnica"
"263","Rzozów Zagonnie"
"263","Rzozów PKP"
"263","Radziszów Kładka"
"263","Radziszów Zacisze"
"263","Radziszów Podwale"
"263","Radziszów Zawodzie"
"263","Radziszów PKP"
"263","Wola Radziszowska Łęg"
"263","Wola Radziszowska Mała Ostra Góra"
"263","Wola Radziszowska Most"
"263","Wola Radziszowska Lipki"
"263","Wola Radziszowska Podgaźle"
"263","Wola Radziszowska Centrum"
"263","Wola Radziszowska Chorzyny"
"265","Borek Fałęcki"
"265","Góra Borkowska"
"265","Judyma"
"265","Kąpielowa"
"265","Wilga"
"265","Zdrojowa"
"265","Swoszowice Sklep"
"265","Swoszowice Poczta"
"265","Pytlasińskiego"
"265","Chałubińskiego"
"265","Krakówka"
"265","Lusina Dolna"
"265","Lusina Zagrody"
"265","Lusina Kraśnik"
"265","Lusina Dobrzyczany"
"265","Lusina Górka"
"265","Lusina Zielona"
"267","Krowodrza Górka"
"267","Zdrowa"
"267","Mackiewicza"
"267","Clepardia"
"267","Siewna Wiadukt"
"267","Siewna"
"267","Dożynkowa"
"267","Witkowice Nowe"
"267","Witkowice"
"267","Os.Marszowiec"
"267","Zielonki Marszowiec Pętla"
"267","Zielonki Galicyjska"
"267","Zielonki UG"
"267","Zielonki Transformator"
"267","Zielonki Rozjazd"
"267","Trojanowice Strugi"
"267","Trojanowice"
"267","Januszowice"
"267","Korzkiew Botoja"
"267","Korzkiew Zamek"
"267","Grębynice OSP"
"267","Grębynice"
"267","Grębynice Mogiełki"
"267","Maszyce"
"267","Maszyce Remiza"
"267","Maszyce Skrzyżowanie"
"267","Smardzowice Wołówka"
"268","Bronowice Małe"
"268","Bronowice Wiadukt"
"268","Rondo Ofiar Katynia"
"268","Katowicka"
"268","Pasternik Cmentarz"
"268","Pasternik"
"268","Droga do Rząski"
"268","Leroy Merlin"
"268","Modlniczka Trzcie"
"268","Brzezie Działki"
"268","Brzezie Narodowe"
"268","Brzezie"
"268","Ujazd Pętla"
"268","Brzezie"
"268","Brzezie Narodowe"
"268","Brzezie Kulka"
"268","Bolechowice Zielona"
"268","Zabierzów Młyn"
"268","Bolechowice Zielona"
"268","Bolechowice Krzewiny"
"268","Bolechowice Drogi"
"268","Bolechowice"
"268","Karniowice I"
"269","Salwator"
"269","Malczewskiego"
"269","Księcia Józefa"
"269","Benedyktowicza"
"269","Glinnik"
"269","Przegorzały"
"269","Na Krępaku"
"269","Bielańskie Skały"
"269","Wodociągi"
"269","Bielany Klasztor"
"269","Bielany Szkoła"
"269","Bielany"
"269","Granica Miasta"
"269","Kryspinów"
"269","Budzyń Plaża Główna"
"269","Budzyń Zalew Budzyński"
"269","Cholerzyn"
"269","Cholerzyn Sklep"
"269","Cholerzyn Skrzyżowanie"
"269","Cholerzyn Granica"
"269","Mników Dziady"
"269","Mników Droga do Kaszowa"
"269","Mników Sklep"
"269","Czułów"
"269","Czułów Droga na Czułówek"
"269","Czułów Szkoła"
"269","Sanka Skrzyżowanie"
"269","Rybna Nowy Świat"
"269","Rybna Nowy Świat Góra"
"269","Rybna Szkoła"
"269","Rybna"
"269","Rybna Dół"
"269","Rybna Ośrodek Zdrowia"
"269","Rybna Granica"
"269","Przeginia Duchowna"
"269","Czułówek"
"270","Prądnik Czerwony"
"270","Strzelców"
"270","Rondo Barei"
"270","Strzelców"
"270","Prądnik Czerwony"
"270","Cmentarz Batowice"
"270","Cmentarz Batowice Wschód"
"270","Batowice"
"270","Batowice PKP"
"270","Batowice Spławy"
"270","Batowice Kapliczka"
"270","Batowice Dłubnia"
"270","Raciborowice"
"270","Raciborowice Granica"
"270","Zastów"
"270","Zastów Działki"
"270","Wiktorowice Skrzyżowanie"
"270","Wiktorowice Centrum"
"270","Wiktorowice Granica"
"273","Skawina PKP"
"273","Skawina Cmentarz"
"273","Skawina Rynek"
"273","Skawina Szkoła"
"273","Skawina Sąd"
"273","Skawina Koncentraty"
"273","Rzozów Baseny"
"273","Rzozów I"
"273","Rzozów Skotnica"
"273","Rzozów Zagonnie"
"273","Rzozów PKP"
"273","Radziszów Cmentarz"
"273","Radziszów Za Mogiłką"
"273","Jurczyce Podole"
"273","Jurczyce Szkoła"
"273","Jurczyce Dom Ludowy"
"273","Gołuchowice Jurczyce"
"273","Gołuchowice Sklep"
"273","Polanka Hallera Dwór"
"273","Grabie Polanka"
"273","Grabie Kuźnia"
"275","Borek Fałęcki"
"275","Góra Borkowska"
"275","Judyma"
"275","Kąpielowa"
"275","Opatkowice Wiadukt"
"275","Opatkowice"
"275","Ważewskiego"
"275","Libertów"
"275","Gaj Szkoła"
"275","Gaj Zadziele"
"275","Mogilany Rynek"
"275","Mogilany Cicha"
"275","Mogilany Wiadukt"
"275","Mogilany Włosań"
"275","Konary Włosań"
"275","Włosań Kopań"
"275","Włosań Krzyżówka"
"277","Nowy Kleparz"
"277","Biskupa Prandoty"
"277","Opolska Estakada"
"277","Aleja 29 Listopada"
"277","Kuźnicy Kołłątajowskiej"
"277","Belwederczyków"
"277","Trzecia Góra"
"277","Węgrzce Starostwo Powiatowe"
"277","Węgrzce"
"277","Bibice"
"277","Michałowice Komora"
"277","Michałowice"
"277","Michałowice I"
"277","Michałowice Ośrodek Zdrowia"
"277","Michałowice Lecznica"
"277","Michałowice Górna"
"277","Michałowice Michałówka"
"277","Michałowice Gościniec"
"277","Kozierów Skrzyżowanie"
"277","Żerkowice Kolonia"
"277","Żerkowice Skrzyżowanie"
"277","Krasieniec Stary"
"277","Krasieniec Remiza"
"277","Krasieniec Pod Lipą"
"277","Krasieniec Zakupny"
"278","Bronowice Małe"
"278","Bronowice Wiadukt"
"278","Rondo Ofiar Katynia"
"278","Katowicka"
"278","Pasternik Cmentarz"
"278","Pasternik"
"278","Droga do Rząski"
"278","Leroy Merlin"
"278","Modlniczka Trzcie"
"278","Brzezie Działki"
"278","Brzezie Narodowe"
"278","Brzezie Kulka"
"278","Bolechowice Zielona"
"278","Zabierzów Młyn"
"278","Bolechowice Zielona"
"278","Bolechowice Zielona Mała"
"278","Więckowice Lipka"
"278","Więckowice"
"278","Kobylany"
"278","Kobylany Remiza"
"278","Kobylany I"
"278","Brzezinka Zarzecze"
"278","Brzezinka"
"278","Brzezinka Skrzyżowanie"
"278","Rudawa Bloki"
"278","Rudawa Kościół"
"278","Radwanowice I"
"278","Radwanowice Pętla"
"278","Radwanowice II"
"278","Dubie Skrzyżowanie"
"278","Pisary Kasztanowa"
"278","Pisary"
"278","Pisary Dwór"
"278","Pisary Kiosk"
"278","Pisary Mleczarnia"
"278","Rudawa Szkoła"
"278","Rudawa PKP"
"278","Rudawa"
"278","Rudawa Młyn"
"278","Młynka"
"278","Pisary Skrzyżowanie"
"278","Nawojowa Góra I"
"278","Nawojowa Góra II"
"278","Krzeszowice Witaminka"
"280","Nowy Kleparz"
"280","Biskupa Prandoty"
"280","Opolska Estakada"
"280","Aleja 29 Listopada"
"280","Kuźnicy Kołłątajowskiej"
"280","Belwederczyków"
"280","Trzecia Góra"
"280","Węgrzce Starostwo Powiatowe"
"280","Węgrzce"
"280","Bibice Kościuszki"
"280","Bibice Rynek"
"280","Bibice Na Czekaj"
"280","Bibice"
"280","Michałowice Komora"
"280","Michałowice Banasiówka"
"280","Michałowice Kwiaty Polne"
"280","Michałowice Brzozowa"
"280","Michałowice Las Michałowski"
"280","Wola Zachariaszowska Kresy"
"280","Górna Wieś"
"280","Wola Zachariaszowska Zakońce"
"280","Wola Zachariaszowska"
"280","Garlica Duchowna Rozjazd"
"280","Garliczka Chochół"
"280","Owczary Górna"
"280","Owczary Gajowa"
"280","Owczary Długa"
"283","Czerwone Maki"
"283","Czerwone Maki"
"283","Bunscha"
"283","Babińskiego"
"283","Skotniki"
"283","Baczyńskiego"
"283","Wrony"
"283","Skawina Podlipki"
"283","Skawina Rzepnik"
"283","Skawina Cmentarz"
"283","Skawina Popiełuszki"
"283","Skawina Ajka"
"285","Borek Fałęcki"
"285","Góra Borkowska"
"285","Judyma"
"285","Kąpielowa"
"285","Opatkowice Wiadukt"
"285","Opatkowice"
"285","Ważewskiego"
"285","Libertów"
"285","Gaj Szkoła"
"285","Gaj Zadziele"
"285","Mogilany Ośrodek Zdrowia"
"285","Mogilany Wiadukt"
"285","Mogilany Włosań"
"285","Konary Włosań"
"285","Konary Sęk"
"285","Świątniki Buk"
"285","Świątniki Urząd Miasta i Gminy"
"285","Świątniki Centrum"
"285","Świątniki Bielowicza Szkoła"
"285","Świątniki Skrzyżowanie"
"285","Rzeszotary Pod Dębiną"
"285","Rzeszotary Szkoła"
"285","Rzeszotary Trafo"
"285","Rzeszotary Tempo"
"285","Rzeszotary"
"285","Rzeszotary Polanki"
"285","Rzeszotary Górne"
"285","Ochojno Skrzyżowanie"
"287","Krowodrza Górka"
"287","Zdrowa"
"287","Mackiewicza"
"287","Clepardia"
"287","Siewna Wiadukt"
"287","Siewna"
"287","Dożynkowa"
"287","Witkowice Nowe"
"287","Witkowice"
"287","Os.Marszowiec"
"292","Dworzec Główny Wschód"
"292","Politechnika"
"292","Nowy Kleparz"
"292","Grottgera"
"292","Plac Inwalidów"
"292","AGH"
"292","Cracovia Błonia"
"292","Instytut Reumatologii"
"292","Przegon"
"292","Słonecznikowa"
"292","Tondosa"
"292","Strzelnica"
"292","Sielanka"
"292","Park Decjusza"
"292","Kasztanowa"
"292","Kopalina"
"292","Zielony Dół"
"292","Chełm"
"292","Raczkiewicza"
"292","Leśmiana"
"292","Olszanica Kapliczka"
"292","Olszanica"
"292","Olszanica Ogródki Działkowe"
"292","Olszanica Bory"
"292","Balice Medweckiego"
"297","Krowodrza Górka"
"297","Zdrowa"
"297","Pleszowska"
"297","Białoprądnicka"
"297","Piaszczysta"
"297","Glogera"
"297","Glogera Granica Miasta"
"297","Zielonki Skrzyżowanie"
"297","Zielonki UG"
"297","Zielonki Galicyjska"
"297","Zielonki Marszowiec Pętla"
"297","Bibice Cmentarz"
"297","Bibice Rynek"
"297","Bibice Kościuszki"
"297","Węgrzce"
"297","Węgrzce Centrum Medyczne"
"297","Węgrzce Magiczne Wzgórze"
"297","Węgrzce Bosutów Sudół"
"297","Węgrzce Bosutów"
"297","Bosutów Dziekanowice"
"297","Bosutów Krakowska"
"297","Bosutów Straż"
"301","Dworzec Płaszów"
"301","Dworcowa"
"301","Kabel"
"301","Bieżanowska"
"301","Prokocim Szpital"
"301","Jerzmanowskiego"
"301","Wieliczka CPN"
"301","Wieliczka Cmentarz"
"301","Zabawa I"
"301","Zabawa"
"301","Mała Wieś"
"301","Sułków"
"301","Ochmanów Oknoplast"
"301","Zakrzów"
"301","Podłęże Balachówka"
"301","Podłęże Straż"
"301","Podłęże Centrum"
"301","Staniątki Wiadukt"
"301","Niepołomice Wielicka"
"301","Niepołomice Boryczów"
"301","Niepołomice Kościuszki"
"301","Niepołomice Rynek"
"304","Dworzec Główny Zachód"
"304","Teatr Bagatela"
"304","Uniwersytet Jagielloński"
"304","Cracovia"
"304","Jubilat"
"304","Konopnickiej"
"304","Rondo Matecznego"
"304","Kamieńskiego"
"304","Bieżanowska"
"304","Prokocim Szpital"
"304","Jerzmanowskiego"
"304","Wieliczka CPN"
"304","Wieliczka Park"
"304","Wieliczka Kopalnia Soli"
"304","Wieliczka Rynek"
"304","Wieliczka Os.Asnyka"
"405","Dworzec Główny Zachód"
"405","Politechnika"
"405","Cmentarz Rakowicki Zachód"
"405","Biskupa Prandoty"
"405","Uniwersytet Rolniczy"
"405","Opolska Estakada"
"405","Aleja 29 Listopada"
"405","Majora"
"405","Sudolska"
"405","Powstańców"
"405","Powstańców Garaże"
"405","Prądnik Czerwony"
"405","Prądnik Czerwony"
"409","Cracovia Stadion"
"409","Cracovia"
"409","Jubilat"
"409","Komorowskiego"
"409","Salwator"
"409","Malczewskiego"
"409","Księcia Józefa"
"409","Benedyktowicza"
"409","Glinnik"
"409","Przegorzały"
"422","Aleja Przyjaźni"
"422","Aleja Róż"
"422","Żeromskiego"
"422","Teatr Ludowy"
"422","Kocmyrzowska"
"422","Wańkowicza"
"422","Makuszyńskiego"
"422","Nad Dłubnią"
"422","Zajezdnia Bieńczyce"
"422","Petöfiego"
"422","Jagiełły"
"422","Jana Kazimierza"
"422","Leszka Białego"
"422","Os.Na Stoku Szkoła"
"422","Darwina"
"422","Wzgórza Krzesławickie"
"422","Szpital Okulistyczny"
"422","Kantorowice"
"422","Zakole"
"422","Kantorowice"
"422","Zesławice Ogródki Działkowe"
"424","Os.Podwawelskie"
"424","Centrum Kongresowe"
"424","Centrum Kongresowe"
"424","Konopnickiej"
"424","Jubilat"
"424","Cracovia"
"424","Uniwersytet Jagielloński"
"424","Teatr Bagatela"
"424","Basztowa LOT"
"424","Dworzec Główny"
"424","Lubicz"
"424","Rondo Mogilskie"
"424","Cmentarz Rakowicki"
"424","Narzymskiego"
"424","Pilotów"
"424","Rondo Młyńskie"
"424","Pszona"
"424","Meissnera"
"424","Wieczysta"
"429","Dworzec Główny Zachód"
"429","Politechnika"
"429","Cmentarz Rakowicki Zachód"
"429","Biskupa Prandoty"
"429","Uniwersytet Rolniczy"
"429","Brogi"
"429","Bosaków"
"429","Miechowity"
"429","Rondo Młyńskie"
"429","Miechowity"
"429","Rondo Barei"
"429","Park Wodny"
"429","Os.Oświecenia"
"429","Okulickiego"
"429","Wiślicka"
"429","Os.Dywizjonu 303"
"439","Czyżyny Dworzec"
"439","Marii Dąbrowskiej"
"439","Os.Kościuszkowskie"
"439","Os.Na Lotnisku"
"439","Os.Strusia"
"439","Wiślicka"
"439","Okulickiego"
"439","Os.Oświecenia"
"439","Park Wodny"
"439","Rondo Barei"
"439","Rondo Barei"
"439","Olszecka"
"439","Aleja 29 Listopada"
"439","Opolska Estakada"
"439","Uniwersytet Rolniczy"
"439","Biskupa Prandoty"
"439","Cmentarz Rakowicki Zachód"
"439","Nowy Kleparz"
"439","Grottgera"
"439","Plac Inwalidów"
"439","Czarnowiejska"
"439","Kawiory"
"439","Miasteczko Studenckie AGH"
"439","Przybyszewskiego"
"439","Armii Krajowej"
"439","Zarzecze"
"439","Bronowice Wiadukt"
"439","Balicka Wiadukt"
"439","Bronowice Małe"
"439","Giełda Balicka P+R"
"439","Lindego"
"439","UR Balicka"
"439","Młynówka SKA"
"439","Godlewskiego"
"439","Zakliki"
"451","Borek Fałęcki"
"451","Góra Borkowska"
"451","Zawiła Cmentarz"
"451","Las Borkowski"
"451","Borkowska"
"451","Kliny Zacisze"
"451","Pod Fortem"
"451","Kliny Zacisze"
"451","Forteczna"
"451","Zawiszy"
"482","Dworzec Główny Wschód"
"482","Uniwersytet Ekonomiczny"
"482","Rondo Mogilskie"
"482","Narzymskiego"
"482","Pilotów"
"482","Rondo Młyńskie"
"482","Miechowity"
"482","Rondo Barei"
"482","Park Wodny"
"482","Os.Oświecenia"
"482","Marchołta"
"482","Bohomolca"
"482","Mistrzejowice"
"501","Kombinat"
"501","Struga"
"501","Aleja Róż"
"501","Żeromskiego"
"501","Teatr Ludowy"
"501","Arka"
"501","Rondo Hipokratesa"
"501","Os.Na Lotnisku"
"501","Wiślicka"
"501","Bora-Komorowskiego"
"501","Miechowity"
"501","Narzymskiego"
"501","Rondo Mogilskie"
"501","Uniwersytet Ekonomiczny"
"501","Politechnika"
"501","Nowy Kleparz"
"501","Plac Inwalidów"
"501","Czarnowiejska"
"501","Miasteczko Studenckie AGH"
"501","Przybyszewskiego"
"501","Zarzecze"
"501","Bronowice Wiadukt"
"501","Rondo Ofiar Katynia"
"502","Plac Centralny im. R.Reagana"
"502","Os.Zgody"
"502","DH Wanda"
"502","Os.Strusia"
"502","Wiślicka"
"502","Bora-Komorowskiego"
"502","Rondo Młyńskie"
"502","Narzymskiego"
"502","Rondo Mogilskie"
"502","Dworzec Główny"
"502","Teatr Bagatela"
"502","Uniwersytet Jagielloński"
"502","Cracovia"
"503","Nowy Bieżanów Południe"
"503","Aleksandry"
"503","Wielicka"
"503","Jerzmanowskiego"
"503","Prokocim Szpital"
"503","Wlotowa"
"503","Bieżanowska"
"503","Rondo Matecznego"
"503","Centrum Kongresowe"
"503","Jubilat"
"503","Cracovia"
"503","AGH"
"503","Plac Inwalidów"
"503","Nowy Kleparz"
"503","Biskupa Prandoty"
"503","Uniwersytet Rolniczy"
"503","Opolska Estakada"
"503","Imbramowska"
"503","Clepardia"
"503","Siewna Wiadukt"
"503","Bociana"
"504","Centrum JP II"
"504","Millana"
"504","Fredry"
"504","Sucha"
"504","Łagiewniki"
"504","Korona"
"504","Plac Wolnica"
"504","Filharmonia"
"504","Uniwersytet Jagielloński"
"504","Cracovia"
"572","Kombinat"
"572","Struga"
"572","Aleja Róż"
"572","Os.Zgody"
"572","Rondo Kocmyrzowskie im. Ks. Gorzelanego"
"572","DH Wanda"
"572","Os.Na Lotnisku"
"572","Wiślicka"
"572","Imbramowska"
"572","Mackiewicza"
"572","Pleszowska"
"572","Opolska Kładka"
"572","Opolska"
"572","Conrada"
"572","Rondo Ofiar Katynia"
"572","Bronowice Wiadukt"
"572","Bronowice Małe"
"601","Mydlniki"
"601","Godlewskiego"
"601","Młynówka SKA"
"601","UR Balicka"
"601","Lindego"
"601","Giełda Balicka P+R"
"601","Bronowice Małe"
"601","Balicka Wiadukt"
"601","Zarzecze"
"601","Armii Krajowej"
"601","Przybyszewskiego"
"601","Miasteczko Studenckie AGH"
"601","Chopina"
"601","Czarnowiejska"
"601","AGH"
"601","Cracovia"
"601","Uniwersytet Jagielloński"
"601","Teatr Bagatela"
"601","Basztowa LOT"
"601","Dworzec Główny"
"601","Lubicz"
"601","Rondo Mogilskie"
"601","Narzymskiego"
"601","Pilotów"
"601","Rondo Młyńskie"
"601","Miechowity"
"601","Rondo Barei"
"601","Park Wodny"
"601","Os.Oświecenia"
"601","Marchołta"
"601","Bohomolca"
"601","Mistrzejowice"
"601","Miśnieńska"
"601","Os.Złotego Wieku"
"601","Rondo Piastowskie"
"601","Dunikowskiego"
"601","Rondo Hipokratesa"
"601","Os.Jagiellońskie"
"601","Arka"
"601","Teatr Ludowy"
"601","Żeromskiego"
"601","Aleja Róż"
"605","Zajezdnia Płaszów"
"605","Płk. Dąbka"
"605","Surzyckiego"
"605","Mały Płaszów"
"605","Szczecińska"
"605","Saska"
"605","Lipska"
"605","Gromadzka"
"605","Kuklińskiego"
"605","Klimeckiego"
"605","Most Kotlarski"
"605","Rondo Grzegórzeckie"
"605","Rondo Mogilskie"
"605","Lubicz"
"605","Dworzec Główny"
"605","Basztowa LOT"
"605","Teatr Bagatela"
"605","Uniwersytet Jagielloński"
"605","Cracovia"
"605","Jubilat"
"605","Komorowskiego"
"605","Salwator"
"605","Malczewskiego"
"605","Księcia Józefa"
"605","Benedyktowicza"
"605","Glinnik"
"605","Przegorzały"
"605","Zaskale"
"605","Na Krępaku"
"605","Bielańskie Skały"
"605","Wodociągi"
"605","Bielany Klasztor"
"605","Bielany Szkoła"
"608","Czyżyny Dworzec"
"608","Marii Dąbrowskiej"
"608","Os.Kościuszkowskie"
"608","Os.Na Lotnisku"
"608","Os.Strusia"
"608","Wiślicka"
"608","Bora-Komorowskiego"
"608","Miechowity"
"608","Bosaków"
"608","Brogi"
"608","Wileńska"
"608","Uniwersytet Rolniczy"
"608","Biskupa Prandoty"
"608","Cmentarz Rakowicki Zachód"
"608","Politechnika"
"608","Dworzec Główny Zachód"
"608","Dworzec Główny"
"608","Basztowa LOT"
"608","Nowy Kleparz"
"608","Grottgera"
"608","Plac Inwalidów"
"608","AGH"
"608","Cracovia"
"608","Jubilat"
"608","Konopnickiej"
"608","Centrum Kongresowe"
"608","Ludwinów"
"608","Rondo Matecznego"
"608","Rzemieślnicza"
"608","Łagiewniki"
"608","Borsucza"
"608","Lipińskiego"
"608","Grota-Roweckiego"
"608","Rostworowskiego"
"608","Zachodnia"
"608","Torfowa"
"608","Lubostroń"
"608","Skośna"
"608","Komuny Paryskiej"
"608","Zawiła"
"608","Borkowska"
"608","Kliny Zacisze"
"610","Prądnik Czerwony"
"610","Powstańców Garaże"
"610","Powstańców"
"610","Majora"
"610","Aleja 29 Listopada"
"610","Opolska Estakada"
"610","Uniwersytet Rolniczy"
"610","Biskupa Prandoty"
"610","Cmentarz Rakowicki Zachód"
"610","Politechnika"
"610","Dworzec Główny Zachód"
"610","Dworzec Główny"
"610","Poczta Główna"
"610","Starowiślna"
"610","Stradom"
"610","Centrum Kongresowe"
"610","Ludwinów"
"610","Rondo Matecznego"
"610","Puszkarska"
"610","Zajezdnia Wola Duchacka"
"610","Wola Duchacka"
"610","Karpińskiego"
"610","Nowosądecka"
"610","Witosa"
"610","Kurdwanów"
"610","Bujaka"
"610","Halszki"
"610","Myślenicka"
"610","Jugowicka"
"610","Góra Borkowska"
"611","Mistrzejowice"
"611","Miśnieńska"
"611","Łęczycka"
"611","Wiślicka"
"611","Okulickiego"
"611","Os.Oświecenia"
"611","Park Wodny"
"611","Rondo Barei"
"611","Rondo Barei"
"611","Miechowity"
"611","Rondo Młyńskie"
"611","Pilotów"
"611","Narzymskiego"
"611","Brodowicza"
"611","Rondo Mogilskie"
"611","Lubicz"
"611","Dworzec Główny"
"611","Basztowa LOT"
"611","Teatr Bagatela"
"611","Uniwersytet Jagielloński"
"611","Cracovia"
"611","Czarnowiejska"
"611","Kawiory"
"611","Miasteczko Studenckie AGH"
"637","Dworzec Towarowy"
"637","Nowy Kleparz"
"637","Prądnicka"
"637","Bratysławska"
"637","Krowodrza Urzędy Skarbowe"
"637","Krowodrza Górka"
"637","Zdrowa"
"637","Mackiewicza"
"637","Clepardia"
"637","Siewna Wiadukt"
"637","Siewna"
"637","Natansona"
"637","Słomczyńskiego"
"637","Kuźnicy Kołłątajowskiej"
"637","Banacha"
"642","Aleja Przyjaźni"
"642","Plac Centralny im. R.Reagana"
"642","Os.Na Skarpie"
"642","Klasztorna"
"642","Os.Willowe"
"642","Struga"
"642","Kombinat"
"642","Zajezdnia Nowa Huta"
"642","Elektromontaż"
"642","Darwina"
"642","Wzgórza Krzesławickie"
"642","Architektów"
"642","Leszka Białego"
"642","Jana Kazimierza"
"642","Jagiełły"
"642","Petöfiego"
"642","Zajezdnia Bieńczyce"
"642","Nad Dłubnią"
"642","Kocmyrzowska"
"642","Teatr Ludowy"
"643","Powstańców Wielkopolskich"
"643","Powstańców Wielkopolskich"
"643","Dworcowa"
"643","Kabel"
"643","Bieżanowska"
"643","Prosta"
"643","Prokocim Rynek"
"643","Młodzieży"
"643","Cmentarz Prokocim"
"643","Bieżanów Trafo"
"643","Bieżanów Szkoła"
"643","Barbary"
"643","Bieżanów Pomnik"
"643","Agatowa"
"662","Plac Centralny im. R.Reagana"
"662","Os.Kolorowe"
"662","Rondo Czyżyńskie"
"662","Centralna"
"662","Nowohucka"
"662","M1 Al. Pokoju"
"662","TAURON Arena Kraków Al. Pokoju"
"662","Dąbie"
"662","Ofiar Dąbia"
"662","Francesco Nullo"
"662","Rondo Grzegórzeckie"
"662","Rondo Mogilskie"
"662","Lubicz"
"662","Dworzec Główny"
"662","Poczta Główna"
"662","Starowiślna"
"662","Stradom"
"662","Centrum Kongresowe"
"662","Szwedzka"
"662","Kapelanka"
"662","Słomiana"
"662","Kobierzyńska"
"662","Lipińskiego"
"662","Grota-Roweckiego"
"662","Norymberska"
"662","Ruczaj"
"662","Kampus UJ"
"662","Chmieleniec"
"664","Os.Piastów"
"664","Piasta Kołodzieja"
"664","Kleeberga"
"664","Dunikowskiego"
"664","Rondo Hipokratesa"
"664","DH Wanda"
"664","Rondo Kocmyrzowskie im. Ks. Gorzelanego"
"664","Bieńczycka"
"664","Rondo Czyżyńskie"
"664","Czyżyny"
"664","Stella-Sawickiego"
"664","AWF"
"664","Wieczysta"
"664","Białucha"
"664","Rondo Mogilskie"
"664","Lubicz"
"664","Dworzec Główny"
"664","Basztowa LOT"
"664","Teatr Bagatela"
"664","Batorego"
"664","Plac Inwalidów"
"664","Urzędnicza"
"664","Biprostal"
"664","Uniwersytet Pedagogiczny"
"664","Głowackiego"
"664","Bronowice"
"664","Balicka Wiadukt"
"669","Nowy Bieżanów"
"669","Ćwiklińskiej"
"669","Nowy Prokocim"
"669","Teligi"
"669","Prokocim Szpital"
"669","Wlotowa"
"669","Bieżanowska"
"669","Kabel"
"669","Dworcowa"
"669","Cmentarz Podgórski"
"669","Powstańców Wielkopolskich"
"669","Plac Bohaterów Getta"
"669","Św.Wawrzyńca"
"669","Miodowa"
"669","Starowiślna"
"669","Poczta Główna"
"669","Plac Wszystkich Świętych"
"669","Filharmonia"
"669","Teatr Bagatela"
"669","Basztowa LOT"
"669","Dworzec Główny"
"669","Dworzec Główny Zachód"
"669","Politechnika"
"669","Nowy Kleparz"
"669","Prądnicka"
"669","Bratysławska"
"703","Krowodrza Górka"
"703","Krowodrza Urzędy Skarbowe"
"703","Bratysławska"
"703","Prądnicka"
"703","Nowy Kleparz"
"703","Politechnika"
"710","Kombinat"
"710","Kombinat"
"710","Kopiec Wandy"
"710","Bardosa"
"710","Bardosa"
"710","Fort Mogiła"
"710","Jeżynowa"
"710","Brama nr 5"
"710","Koksochemia"
"902","Dworzec Główny Wschód"
"902","Dworzec Główny"
"902","Basztowa LOT"
"902","Teatr Bagatela"
"902","Uniwersytet Jagielloński"
"902","Cracovia Błonia"
"902","Instytut Reumatologii"
"902","Przegon"
"902","Słonecznikowa"
"902","Tondosa"
"902","Strzelnica"
"902","Sielanka"
"902","Park Decjusza"
"902","Kasztanowa"
"902","Kopalina"
"902","Zielony Dół"
"902","Chełm"
"902","Raczkiewicza"
"902","Leśmiana"
"902","Olszanica Kapliczka"
"902","Olszanica"
"902","Olszanica Ogródki Działkowe"
"902","Olszanica Bory"
"902","Balice Medweckiego"
"903","Czerwone Maki"
"903","Czerwone Maki"
"903","Bunscha"
"903","Babińskiego"
"903","Skotniki"
"903","Baczyńskiego"
"903","Wrony"
"903","Skawina Podlipki"
"903","Skawina Rzepnik"
"903","Skawina Cmentarz"
"903","Skawina Popiełuszki"
"903","Skawina Ajka"
"904","Prądnik Biały"
"904","Pachońskiego"
"904","Prądnik Biały Zachód"
"904","Wyki"
"904","Batalionu Skała AK"
"904","Makowskiego"
"904","Różyckiego"
"904","Azory"
"904","Łobzów PKP"
"904","Urząd Marszałkowski"
"904","Wrocławska"
"904","Nowy Kleparz"
"904","Politechnika"
"904","Dworzec Główny Zachód"
"904","Dworzec Główny"
"904","Poczta Główna"
"904","Starowiślna"
"904","Stradom"
"904","Plac Wolnica"
"904","Korona"
"904","Smolki"
"904","Rondo Matecznego"
"904","Kamieńskiego Wiadukt"
"904","Kamieńskiego"
"904","Makowa"
"904","Malborska"
"904","Bieżanowska"
"904","Dauna"
"904","Piaski Nowe"
"904","Tuchowska"
"904","Bochenka"
"904","Łużycka"
"904","Piaski Wielkie"
"904","Przy Kuźni"
"904","Hallera"
"904","Słona Woda"
"904","Kosocicka"
"904","Wielicka"
"904","Wielicka Granica Miasta"
"904","Wieliczka CPN"
"904","Wieliczka Kościół"
"904","Wieliczka Cmentarz"
"915","Łagiewniki"
"915","Borek Fałęcki"
"915","Góra Borkowska"
"915","Judyma"
"915","Kąpielowa"
"915","Wilga"
"915","Zdrojowa"
"915","Swoszowice Sklep"
"915","Swoszowice Poczta"
"915","Swoszowice"
"915","Wróblowice Szkoła"
"915","Wróblowice Rozwidlenie"
"915","Ukraina"
"915","Zbydniowice"
"915","Wrząsowice Wrzosowa"
"915","Wrząsowice Centrum"
"915","Wrząsowice Pileckiego"
"915","Wrząsowice Kowaleca"
"915","Wrząsowice"
"915","Wrząsowice Zielona"
"915","Świątniki Krakowska"
