"id","label"
"1","Wzgórza Krzesławickie"
"2","Jarzębiny"
"3","Darwina"
"4","Wiadukty"
"5","Wańkowicza"
"6","Kocmyrzowska"
"7","Teatr Ludowy"
"8","Rondo Kocmyrzowskie im. Ks. Gorzelanego"
"9","Bieńczycka"
"10","Rondo Czyżyńskie"
"11","Centralna"
"12","Nowohucka"
"13","M1 Al. Pokoju"
"14","TAURON Arena Kraków Al. Pokoju  "
"15","Kraków Plaza"
"16","Dąbie"
"17","Ofiar Dąbia"
"18","Fabryczna"
"19","Francesco Nullo"
"20","Teatr Variété"
"21","Rondo Grzegórzeckie"
"22","Hala Targowa"
"23","Starowiślna"
"24","Poczta Główna"
"25","Plac Wszystkich Świętych"
"26","Filharmonia"
"27","Jubilat"
"28","Komorowskiego"
"29","Salwator"
"30","Salwator - Wzgórza Krzesławickie"
"31","Teatr Bagatela"
"32","Basztowa LOT"
"33","Dworzec Główny"
"34","Lubicz"
"35","Uniwersytet Ekonomiczny"
"36","Rakowicka  "
"37","Cmentarz Rakowicki - Salwator"
"38","Nowy Bieżanów"
"39","Ćwiklińskiej"
"40","Nowy Prokocim"
"41","Teligi"
"42","Prokocim Szpital"
"43","Prokocim"
"44","Wlotowa"
"45","Bieżanowska"
"46","Kabel"
"47","Dworcowa"
"48","Cmentarz Podgórski"
"49","Powstańców Wielkopolskich"
"50","Plac Bohaterów Getta"
"51","Św.Wawrzyńca"
"52","Miodowa"
"53","Dworzec Główny Zachód"
"54","Politechnika"
"55","Dworzec Towarowy - Nowy Bieżanów"
"56","Elektromontaż  "
"57","Zajezdnia Nowa Huta"
"58","Kombinat"
"59","Struga"
"60","Plac Centralny im. R.Reagana"
"61","Os.Kolorowe"
"62","Czyżyny"
"63","Stella-Sawickiego"
"64","AWF"
"65","Muzeum Lotnictwa"
"66","Wieczysta"
"67","Białucha"
"68","Cystersów"
"69","Rondo Mogilskie"
"70","Batorego"
"71","Plac Inwalidów"
"72","Urzędnicza"
"73","Biprostal"
"74","Uniwersytet Pedagogiczny"
"75","Głowackiego"
"76","Bronowice"
"77","Wesele"
"78","Balicka Wiadukt"
"79","Bronowice Małe - Wzgórza Krzesławickie"
"80","Kurdwanów"
"81","Witosa"
"82","Nowosądecka"
"83","Piaski Nowe"
"84","Dauna"
"85","Limanowskiego"
"86","Korona"
"87","Plac Wolnica"
"88","Stradom"
"89","Wawel"
"90","Św.Gertrudy"
"91","Salwator - Kurdwanów"
"92","Dworzec Towarowy"
"93","Nowy Kleparz"
"94","Pędzichów"
"95","Dąbie - Dworzec Towarowy"
"96","Borek Fałęcki"
"97","Borek Fałęcki I"
"98","Solvay"
"99","Sanktuarium Bożego Miłosierdzia"
"100","Łagiewniki"
"101","Rzemieślnicza"
"102","Rondo Matecznego"
"103","Smolki"
"104","Bronowice Małe - Borek Fałęcki"
"105","Mistrzejowice"
"106","Miśnieńska"
"107","Os.Złotego Wieku"
"108","Rondo Piastowskie"
"109","Dunikowskiego"
"110","Rondo Hipokratesa"
"111","DH Wanda"
"112","Zabłocie"
"113","Klimeckiego"
"114","Kuklińskiego"
"115","Gromadzka"
"116","Lipska"
"117","Dworzec Płaszów Estakada"
"118","Nowy Bieżanów - Mistrzejowice"
"119","Mały Płaszów"
"120","Rzebika"
"121","Brożka  "
"122","Borsucza"
"123","Lipińskiego"
"124","Grota-Roweckiego"
"125","Norymberska"
"126","Ruczaj"
"127","Kampus UJ"
"128","Chmieleniec"
"129","Czerwone Maki - Mały Płaszów"
"130","Kobierzyńska"
"131","Słomiana"
"132","Kapelanka"
"133","Szwedzka"
"134","Centrum Kongresowe"
"135","Orzeszkowej"
"136","Wieczysta - Łagiewniki"
"137","Bronowice - Nowy Bieżanów"
"138","Bronowice - Mistrzejowice"
"139","Os.Zgody"
"140","Kopiec Wandy - Mistrzejowice"
"141","Wieczysta - Borek Fałęcki"
"142","Uniwersytet Jagielloński"
"143","Cracovia"
"144","Oleandry"
"145","Park Jordana  "
"146","Reymana  "
"147","Cichy Kącik - Mały Płaszów"
"148","Kopiec Wandy"
"149","Kleeberga"
"150","Piasta Kołodzieja"
"151","Os.Piastów - Kopiec Wandy"
"152","Mrozowa  "
"153","Blokowa"
"154","Agencja Kraków Wschód  "
"155","Walcownia - Borek Fałęcki"
"156","Czerwone Maki"
"157","Nowy Bieżanów - Czerwone Maki"
"158","Bronowice Małe - Kurdwanów"
"159","Prokocim - Bronowice Małe"
"160","Bronowice Małe - Prokocim"
"161","Dworzec Główny Tunel"
"162","Kurdwanów - Dworzec Towarowy"
"163","Os.Piastów - Czerwone Maki"
"164","Bardosa"
"165","Suche Stawy"
"166","Klasztorna"
"167","Os.Na Skarpie"
"168","Łagiewniki - Bardosa"
"169","Wzgórza Krzesławickie - Czerwone Maki"
"170","Muzeum Inżynierii Miejskiej"
"171","Dajwór"
"172","Cichy Kącik - Muzeum Inżynierii Miejskiej"
"173","Muzeum Inżynierii Miejskiej - Kopiec Wandy"
"174","Kopiec Wandy - Muzeum Inżynierii Miejskiej"
"175","Czerwone Maki - Plac Centralny im. R.Reagana"
"176","Os.Piastów"
"177","Bronowice Małe - Os.Piastów"
"178","Malczewskiego  "
"179","Aleja Waszyngtona  "
"180","Kopiec Kościuszki - Salwator"
"181","Os.Podwawelskie"
"182","Zielińskiego"
"183","Kopiec Kościuszki - Os.Podwawelskie"
"184","Krowodrza Górka"
"185","Krowodrza Urzędy Skarbowe"
"186","Wybickiego"
"187","Łobzów PKP"
"188","Mazowiecka"
"189","Miasteczko Studenckie AGH"
"190","Cichy Kącik"
"191","Słonecznikowa"
"192","Tondosa  "
"193","Strzelnica"
"194","Sielanka"
"195","Park Decjusza"
"196","Kasztanowa"
"197","Kopalina  "
"198","Zielony Dół"
"199","Chełm"
"200","Chełmska  "
"201","Rzepichy  "
"202","Kosmowskiej  "
"203","Zakamycze - Krowodrza Górka"
"204","Aleja Przyjaźni"
"205","Sołtysowska  "
"206","Sołtysowska Zakłady"
"207","Sołtysowska Osiedle"
"208","Sikorki"
"209","Na Załęczu"
"210","Habina  "
"211","Odmętowa"
"212","Lasek Łęgowski  "
"213","Lesisko - Aleja Przyjaźni"
"214","Prądnik Czerwony"
"215","Powstańców Garaże"
"216","Powstańców"
"217","Majora"
"218","Aleja 29 Listopada"
"219","Opolska Estakada"
"220","Uniwersytet Rolniczy"
"221","Biskupa Prandoty"
"222","Cmentarz Rakowicki Zachód  "
"223","Dworzec Główny Zachód - Prądnik Czerwony"
"224","Cmentarz Batowice - Dworzec Główny Zachód"
"225","Rostworowskiego"
"226","Zachodnia"
"227","Torfowa"
"228","Lubostroń  "
"229","Skośna"
"230","Kobierzyn"
"231","Babińskiego"
"232","Skotniki"
"233","Brücknera"
"234","Skotniki Szkoła - Łagiewniki"
"235","Dworzec Płaszów"
"236","Sułkowskiego"
"237","Malborska Szkoła"
"238","Wola Duchacka"
"239","Karpińskiego"
"240","Tuchowska"
"241","Bochenka  "
"242","Łużycka  "
"243","Piaski Wielkie"
"244","Hala Sportowa Piaski Wielkie  "
"245","Niebieska Autostrada  "
"246","Kosocice"
"247","Szczegów"
"248","Żelazowskiego  "
"249","Barycz  "
"250","Krzemieniecka  "
"251","Drużbackiej"
"252","Soboniowice - Dworzec Płaszów"
"253","Cracovia Stadion"
"254","Księcia Józefa  "
"255","Benedyktowicza  "
"256","Glinnik  "
"257","Przegorzały"
"258","Zaskale  "
"259","Na Krępaku  "
"260","Bielańskie Skały  "
"261","Wodociągi  "
"262","Bielany Klasztor  "
"263","Bielany Szkoła"
"264","Bielany - Cracovia Stadion"
"265","Aleja Róż"
"266","Żeromskiego"
"267","Cmentarz Grębałów Południe  "
"268","Cmentarz Grębałów"
"269","Lubocza Bugaj  "
"270","Lubocza Przychodnia"
"271","Lubocza Szkoła"
"272","Lubocza Trafo  "
"273","Wadowska  "
"274","Wadów"
"275","Wadów Os.Kolejowe"
"276","Wadów Glinik  "
"277","Wadów Działki  "
"278","Węgrzynowicka"
"279","Węgrzynowice Dół  "
"280","Barwna  "
"281","Węgrzynowice Centrum  "
"282","Węgrzynowice - Aleja Przyjaźni"
"283","Wadów Tunel - Aleja Przyjaźni"
"284","Pleszów"
"285","Zakład Przeróbki  "
"286","Szymańskiego  "
"287","Wyciąże  "
"288","Ruszcza Cmentarz  "
"289","Ruszcza"
"290","Wyciąże Sklep  "
"291","Wyciąska  "
"292","Podstawie  "
"293","Drożyska  "
"294","Przylasek Wyciąski  "
"295","Siejówka  "
"296","Bartnicza  "
"297","Wolica Sklep  "
"298","Wolica Kościół  "
"299","Wolica Most - Pleszów"
"300","Rynek Dębnicki"
"301","Praska  "
"302","Zielińskiego  "
"303","Os.Robotnicze"
"304","Park "Skały Twardowskiego"  "
"305","Pychowice"
"306","Rodzinna"
"307","Górka Pychowicka  "
"308","Fort Bodzów  "
"309","Kostrze Szkoła"
"310","Wały Wiślane  "
"311","Kostrze Kapliczka  "
"312","Kolna  "
"313","Tyniecka Autostrada  "
"314","Bolesława Śmiałego"
"315","Tyniec"
"316","Bogucianka"
"317","Tyniec Kamieniołom - Os.Podwawelskie"
"318","Czyżyny Dworzec"
"319","Na Załęczu Szkoła  "
"320","Siwka  "
"321","Wiklinowa  "
"322","Isep  "
"323","Zatyka  "
"324","Szafrańska"
"325","EC Łęg - Czyżyny Dworzec"
"326","Dworzec Główny Wschód"
"327","Muzeum Armii Krajowej  "
"328","Kuźnicy Kołłątajowskiej"
"329","Słomczyńskiego"
"330","Natansona"
"331","Dożynkowa"
"332","Witkowice Nowe"
"333","Witkowice - Dworzec Główny Wschód"
"334","Lubocza PKP  "
"335","Wadów Szkoła"
"336","Wadów Osiedle  "
"337","Łuczanowice Skrzyżowanie"
"338","Bystronia  "
"339","Łuczanowice - Kombinat"
"340","Kombinat - Łuczanowice"
"341","Krowoderskich Zuchów"
"342","Batalionu "Skała" AK"
"343","Makowskiego"
"344","Różyckiego"
"345","Conrada"
"346","Rondo Ofiar Katynia"
"347","Katowicka"
"348","Ojcowska Dworek"
"349","Ojcowska Wągroda"
"350","Ojcowska"
"351","Bronowice Wielkie"
"352","Jasnogórska  "
"353","Chełmońskiego Osiedle - Krowodrza Górka"
"354","Wyki"
"355","Skrajna  "
"356","Jordanowska  "
"357","Chabrowa"
"358","Os.Łokietka"
"359","Poziomkowa"
"360","Gospodarska"
"361","Tonie Skrzyżowanie"
"362","Na Budzyniu"
"363","Tonie"
"364","Gaik  "
"365","Bronowice Wiadukt"
"366","Balicka Wiadukt  "
"367","Bronowice Małe"
"368","Bronowice Małe - Krowodrza Górka"
"369","Makuszyńskiego  "
"370","Nad Dłubnią"
"371","Zajezdnia Bieńczyce"
"372","Petöfiego  "
"373","Jagiełły"
"374","Jana Kazimierza"
"375","Leszka Białego"
"376","Os.Na Stoku Szkoła"
"377","Grębałów  "
"378","Gustawa Morcinka  "
"379","Kantorowice"
"380","Zesławice Ogródki Działkowe  "
"381","Zesławice - Aleja Przyjaźni"
"382","Łęczycka"
"383","Cedyńska"
"384","Wiślicka"
"385","Os.Strusia"
"386","Os.Na Lotnisku"
"387","Os.Jagiellońskie"
"388","Arka"
"389","Os.Górali"
"390","Os.Zielone"
"391","Orkana"
"392","Os.Willowe"
"393","Os.Wandy"
"394","Szpital Żeromskiego"
"395","Sieroszewskiego  "
"396","Klasztor Cystersów"
"397","Stare Wiślisko"
"398","Lasek Mogilski"
"399","Szparagowa"
"400","Garbarnia"
"401","Jeżowa"
"402","Albatrosów"
"403","Surzyckiego"
"404","Mistrzejowice - Mały Płaszów"
"405","Mały Płaszów - Mistrzejowice"
"406","Konopnickiej"
"407","Cmentarz Rakowicki"
"408","Narzymskiego"
"409","Pilotów"
"410","Akacjowa"
"411","Spadochroniarzy"
"412","Ugorek"
"413","Wieczysta - Os.Podwawelskie"
"414","Szpital Rydygiera"
"415","Okulickiego"
"416","Os.Oświecenia"
"417","Park Wodny"
"418","Rondo Barei"
"419","Miechowity"
"420","Rondo Młyńskie"
"421","Brodowicza"
"422","Stoczniowców"
"423","Saska"
"424","Szczecińska"
"425","Bacutil"
"426","Półłanki  "
"427","Bieżanów Bazy  "
"428","Agatowa  "
"429","Złocień - Szpital Rydygiera"
"430","Szpital Rydygiera - Złocień"
"431","Płaszowska"
"432","Łanowa"
"433","Motyla"
"434","Bagry - Powstańców Wielkopolskich"
"435","Zajezdnia Płaszów"
"436","Płk. Dąbka"
"437","TAURON Arena Kraków  "
"438","Meissnera"
"439","Pszona"
"440","Strzelców"
"441","Prądnik Czerwony - Zajezdnia Płaszów"
"442","Zajezdnia Płaszów - Cmentarz Batowice"
"443","Cmentarz Batowice - Zajezdnia Płaszów"
"444","Brogi"
"445","Bosaków"
"446","Os.Dywizjonu 303"
"447","Medweckiego"
"448","Czyżyny Dworzec - Dworzec Główny Zachód"
"449","Azory"
"450","Łokietka"
"451","Urząd Marszałkowski"
"452","Wrocławska"
"453","Dworzec Główny Zachód - Azory"
"454","Branice Pagórek  "
"455","Branice Na Dole  "
"456","Branice Szkoła"
"457","Branice  "
"458","Branice Ośrodek Zdrowia  "
"459","Chałupki Górne  "
"460","Kąkolowa  "
"461","Truskawkowa  "
"462","Chałupki - Pleszów"
"463","Pleszów - Chałupki"
"464","Olsza II"
"465","Lublańska"
"466","Imbramowska"
"467","Mackiewicza"
"468","Zdrowa"
"469","Lekarska"
"470","Bratysławska"
"471","Dworzec Główny Zachód - Kombinat"
"472","Kombinat - Dworzec Główny Zachód"
"473","Sucha"
"474","Fredry"
"475","Turowicza  "
"476","Przykopy  "
"477","Bujaka"
"478","Wysłouchów"
"479","Bojki"
"480","Kurdwanów Szkoła"
"481","Cechowa  "
"482","Przy Kuźni  "
"483","Hallera  "
"484","Słona Woda"
"485","Kosocicka  "
"486","Wielicka  "
"487","Jerzmanowskiego"
"488","Nowy Bieżanów  "
"489","Mała Góra  "
"490","Bieżanów Cmentarz"
"491","Ks.Łaczka  "
"492","Bieżanów Drożdżownia PKP"
"493","Drożdżowa"
"494","Ślósarczyka"
"495","Bieżanów Kaim"
"496","Bieżanów Potrzask - Łagiewniki"
"497","Prokocim Szpital - Łagiewniki"
"498","Cracovia Błonia"
"499","Instytut Reumatologii"
"500","Przegon"
"501","Stara Wola"
"502","Baba Jaga  "
"503","ZOO - Cracovia Stadion"
"504","Centrum JP II"
"505","Halszki"
"506","Myślenicka  "
"507","Swoszowice Autostrada  "
"508","Swoszowice Osiedle  "
"509","Swoszowice Pawilon"
"510","Swoszowice Sklep"
"511","Swoszowice Poczta"
"512","Swoszowice"
"513","Wróblowice Szkoła"
"514","Wróblowice Rozwidlenie"
"515","Ukraina  "
"516","Zbydniowice"
"517","Zbydniowice Szkoła"
"518","Golkowice - Centrum JP II"
"519","Clepardia"
"520","Siewna Wiadukt"
"521","Siewna"
"522","Banacha"
"523","Górka Narodowa Wschód - Krowodrza Górka"
"524","Nowolipki  "
"525","Łowińskiego  "
"526","Os.Mistrzejowice Nowe"
"527","Kupały"
"528","Os.Kalinowe"
"529","Azory - Kombinat"
"530","Bohomolca"
"531","Marchołta"
"532","Olszecka"
"533","Grottgera"
"534","Czarnowiejska"
"535","Kawiory"
"536","Przybyszewskiego"
"537","Armii Krajowej"
"538","Zarzecze"
"539","Giełda Balicka P+R  "
"540","Lindego  "
"541","UR Balicka"
"542","Młynówka SKA  "
"543","Godlewskiego"
"544","Zakliki  "
"545","Mydlniki - Kombinat"
"546","Igołomska  "
"547","Prawocheńskiego  "
"548","Rzepakowa  "
"549","Rzepakowa Świetlica  "
"550","Żwirownia"
"551","Ciekowiec  "
"552","Przylasek Rusiecki - Pleszów"
"553","Cmentarz Batowice"
"554","Marii Dąbrowskiej"
"555","Os.Kościuszkowskie"
"556","Architektów"
"557","Os.Na Stoku - Cmentarz Batowice"
"558","Prosta"
"559","Prokocim Rynek"
"560","Młodzieży  "
"561","Cmentarz Prokocim"
"562","Bieżanów Trafo"
"563","Bieżanów Szkoła"
"564","Barbary  "
"565","Bieżanów Pomnik"
"566","Sucharskiego  "
"567","Złocieniowa"
"568","Jasieńskiego  "
"569","Bieżanów - Dworzec Płaszów"
"570","Rżąka "
"571","Malborska"
"572","Makowa"
"573","Kamieńskiego"
"574","Bonarka"
"575","Kamieńskiego Wiadukt  "
"576","Ludwinów"
"577","Stachiewicza"
"578","Prądnik Biały Zachód"
"579","Pachońskiego"
"580","Prądnik Biały - Rżąka "
"581","Góra Borkowska  "
"582","Judyma"
"583","Kąpielowa"
"584","Wilga  "
"585","Zdrojowa"
"586","Fort Swoszowice  "
"587","Landaua"
"588","Kenara  "
"589","Wróblowice Cmentarz"
"590","Wróblowice Dom Kultury  "
"591","Golkowice - Borek Fałęcki"
"592","Judyma Szkoła"
"593","Os.Kliny"
"594","Forteczna"
"595","Kliny Zacisze"
"596","Pod Fortem"
"597","Borkowska"
"598","Las Borkowski  "
"599","Polana Żywiecka  "
"600","Łuczyńskiego  "
"601","Żywiecka"
"602","Rynek Fałęcki"
"603","Panieńskich Skał  "
"604","Królowej Jadwigi"
"605","Raczkiewicza  "
"606","Leśmiana"
"607","Olszanica Kapliczka  "
"608","Olszanica - Aleja Przyjaźni"
"609","Popielidów"
"610","Kruszwicka"
"611","Bulwarowa  "
"612","Lesisko - Os.Piastów"
"613","Prądnik Biały"
"614","Dworzec Główny Zachód - Prądnik Biały"
"615","Swoszowice Poczta - Łagiewniki"
"616","Biskupińska  "
"617","Rybitwy Sklep  "
"618","Rybitwy Dom Kultury"
"619","Rybitwy Rozjazd  "
"620","Ks.Targosza  "
"621","Przewóz"
"622","Wrobela"
"623","Podwierzbie - Powstańców Wielkopolskich"
"624","Bora-Komorowskiego"
"625","Wileńska"
"626","Cichy Kącik - Os.Piastów"
"627","Wyciąże Zachód  "
"628","Wyciąże Wiadukt  "
"629","Cło"
"630","Brzeska  "
"631","Zakępie  "
"632","Wolica  "
"633","Wolica Las"
"634","Kostrze OSP"
"635","Ślaskiego  "
"636","Dąbrowa"
"637","Kostrze"
"638","Bagienna"
"639","Podgórki Tynieckie - Os.Podwawelskie"
"640","Złocień"
"641","Aleja Przyjaźni - Rżąka "
"642","Rżąka  - Kombinat"
"643","Kombinat - Rżąka "
"644","Zajezdnia Wola Duchacka"
"645","Puszkarska"
"646","AGH"
"647","Szpital Narutowicza"
"648","Bociana"
"649","Górka Narodowa - Piaski Nowe"
"650","Skotniki Szkoła"
"651","Baczyńskiego  "
"652","Wrony"
"653","Warchałowskiego"
"654","Tretówka  "
"655","Sidzina - Łagiewniki"
"656","Gnieźnieńska  "
"657","Czerwieńskiego"
"658","Fiszera"
"659","Radzikowskiego Osiedle - Krowodrza Górka"
"660","Sławka  "
"661","Górka Narodowa Wschód - Zajezdnia Wola Duchacka"
"662","Janówka  "
"663","Błonia Kościelnickie  "
"664","Kościelniki"
"665","Zabłocie Kościelnickie  "
"666","Resztówka"
"667","Ostafina"
"668","Hektary  "
"669","Wróżenice Górka  "
"670","Wróżenice - Pleszów"
"671","Pleszowska"
"672","Opolska Kładka"
"673","Opolska"
"674","Bronowice Małe - Aleja Przyjaźni"
"675","Nowy Bieżanów Południe"
"676","Azory - Nowy Bieżanów Południe"
"677","Os.Kurdwanów"
"678","Stojałowskiego"
"679","Beskidzka"
"680","Koszykarska"
"681","Elektrociepłownia Kraków"
"682","M1 Nowohucka"
"683","Bulwarowa Ogródki Działkowe  "
"684","Kombinat - Os.Kurdwanów"
"685","Kąpielowa  "
"686","Opatkowice Wiadukt  "
"687","Poronińska"
"688","Opatkowice Zadworze"
"689","Smoleńskiego"
"690","Opatkowice"
"691","Podgaje"
"692","Taklińskiego  "
"693","Sidzina Olszyny  "
"694","Żyzna  "
"695","Petrażyckiego  "
"696","Nałkowskiej"
"697","Sidzina - Borek Fałęcki"
"698","Tischnera"
"699","Komuny Paryskiej"
"700","Zawiła  "
"701","Pod Fortem - Mistrzejowice"
"702","Dworzec Główny Zachód - Os.Kurdwanów"
"703","Koksochemia  "
"704","Nadbrzezie  "
"705","Suchy Jar  "
"706","Gwarecka  "
"707","Karowa  "
"708","Dymarek  "
"709","Oczyszczalnia Ścieków "Kujawy"  "
"710","Kujawy - Pleszów"
"711","Os.Na Stoku"
"712","Dworzec Główny Wschód - Os.Na Stoku"
"713","Instytut Pediatrii"
"714","Dom Spokojnej Starości - Złocień"
"715","Złocień - Wydział Farmaceutyczny UJ"
"716","Wydział Farmaceutyczny UJ - Złocień"
"717","Sudolska"
"718","Prądnik Czerwony - Os.Kurdwanów"
"719","Lesisko"
"720","Urząd Skarbowy Nowa Huta"
"721","Batowice PKP"
"722","Batowice  "
"723","Cmentarz Batowice Wschód  "
"724","Prądnik Czerwony - Na Załęczu"
"725","Krowodrza Górka - Czerwone Maki"
"726","Zawiła Cmentarz  "
"727","Skawina Podlipki"
"728","Skawina Rzepnik"
"729","Skawina Cmentarz"
"730","Skawina Popiełuszki"
"731","Skawina Ajka"
"732","Skawina - Borek Fałęcki"
"733","Prusy"
"734","Prusy Szkoła  "
"735","Prusy WSR  "
"736","Sulechów  "
"737","Dojazdów PKS"
"738","Dojazdów Działki  "
"739","Kocmyrzów Rondo"
"740","Luborzyca Szkoła"
"741","Luborzyca"
"742","Wola Luborzycka Działki  "
"743","Wola Luborzycka  "
"744","Wola Luborzycka Las  "
"745","Goszyce  "
"746","Goszyce Remiza  "
"747","Skrzeszowice"
"748","Łososkowice Szkoła  "
"749","Łososkowice - Czyżyny Dworzec"
"750","Czyżyny Dworzec - Łososkowice"
"751","Mochnaniec  "
"752","Winnicka  "
"753","Fort Winnica  "
"754","Tor Kajakowy"
"755","Janasówka  "
"756","Skawina Podgórki Skawińskie"
"757","Skawina Samborek Most"
"758","Skawina Wojska Polskiego"
"759","Skawina Tyniecka"
"760","Skawina Tyniecka Osiedle"
"761","Skawina Sąd"
"762","Skawina Szkoła"
"763","Skawina Rynek"
"764","Skawina 29 Listopada"
"765","Skawina Starostwo Powiatowe"
"766","Skawina Ogrody  "
"767","Skawina Kopernika  "
"768","Skawina Cmentarz Komunalny"
"769","Skawina Wyspiańskiego Szkoła  "
"770","Skawina Korabniki"
"771","Skawina Graniczna  "
"772","Borek Fałęcki - Czerwone Maki"
"773","Tyniec Kamieniołom - Czerwone Maki"
"774","Jugowicka"
"775","Wielicka Granica Miasta  "
"776","Wieliczka CPN"
"777","Wieliczka Kościół"
"778","Wieliczka Cmentarz"
"779","Wieliczka Kampus - Borek Fałęcki"
"780","Białoprądnicka"
"781","Piaszczysta"
"782","Glogera  "
"783","Glogera Granica Miasta  "
"784","Zielonki Skrzyżowanie"
"785","Zielonki UG"
"786","Zielonki Transformator"
"787","Zielonki Rozjazd"
"788","Trojanowice Krakowska  "
"789","Trojanowice Pętla - Krowodrza Górka"
"790","Mydlniki"
"791","Mydlniki Stawy  "
"792","Mydlniki Granica Miasta  "
"793","Szczyglice Podkamycze"
"794","Szczyglice Autostrada "
"795","Szczyglice Dom Kultury"
"796","Szczyglice"
"797","Balice Autostrada  "
"798","Balice I  "
"799","Kraków Airport - Dworzec Główny Wschód"
"800","Bielany"
"801","Granica Miasta  "
"802","Kryspinów"
"803","Budzyń Zalew na Piaskach  "
"804","Balice Olszanica Bory"
"805","Balice Medweckiego  "
"806","Balice Szkoła"
"807","Balice Instytut  "
"808","Balice Winna Góra  "
"809","Aleksandrowice Osiedle  "
"810","Aleksandrowice"
"811","Morawica Cmentarz  "
"812","Morawica Krzyżówka"
"813","Morawica - Salwator"
"814","Stawowa"
"815","Skrzyżowanie do Podchruścia  "
"816","Modlnica I Kolonia  "
"817","Modlnica II  "
"818","Szyce II  "
"819","Szyce I  "
"820","Wielka Wieś  "
"821","Biały Kościół  "
"822","Murownia  "
"823","Czajowice  "
"824","Bębło Stara Wieś  "
"825","Bębło Łabajowa  "
"826","Bębło Lasek  "
"827","Będkowice Mosurowa  "
"828","Będkowice Kawiory  "
"829","Będkowice Borynia  "
"830","Będkowice Cmentarz  "
"831","Będkowice"
"832","Będkowice Długa  "
"833","Będkowice Pętla - Bronowice Małe"
"834","Bronowice Małe - Będkowice Pętla"
"835","Kopiec Wandy  "
"836","Fort Mogiła  "
"837","Jeżynowa  "
"838","Brama nr 5  "
"839","Wolica Most"
"840","Niepołomice Kolejowa  "
"841","Niepołomice Moczydło  "
"842","Niepołomice Dworzec"
"843","Niepołomice Rynek"
"844","Niepołomice Batorego  "
"845","Niepołomice Batorego II  "
"846","Niepołomice Jazy  "
"847","Niepołomice Jazy II  "
"848","Wola Batorska Ruskie  "
"849","Wola Batorska Żwirownia  "
"850","Wola Batorska Kościół  "
"851","Wola Batorska Cmentarz  "
"852","Wola Batorska Borek  "
"853","Wola Batorska Mikoniowiec  "
"854","Wola Batorska Zamoglice  "
"855","Zabierzów Bocheński Centrum  "
"856","Wola Zabierzowska  "
"857","Chobot  "
"858","Chobot Leśniczówka - Kombinat"
"859","Kocmyrzów Krzyżówka  "
"860","Kocmyrzów Biblioteka"
"861","Kocmyrzów Sodfiny  "
"862","Głęboka Kolonia  "
"863","Głęboka"
"864","Karniów"
"865","Czulice - Czyżyny Dworzec"
"866","Bunscha  "
"867","Skawina Koncentraty"
"868","Rzozów Baseny  "
"869","Rzozów I  "
"870","Rzozów Szkoła"
"871","Gołuchowice"
"872","Gołuchowice Jurczyce"
"873","Gołuchowice Sklep  "
"874","Polanka Hallera Dwór  "
"875","Grabie Polanka  "
"876","Krzęcin Sklep"
"877","Krzęcin Cmentarz  "
"878","Krzęcin Kościół"
"879","Krzęcin Kapliczka  "
"880","Krzęcin Częsna  "
"881","Krzęcin Pętla - Czerwone Maki"
"882","Skawina - Krzęcin Pętla"
"883","Krzęcin Pętla - Skawina"
"884","Rajsko"
"885","Geologów  "
"886","Malinowskiego  "
"887","Soboniowice"
"888","Pod Lipą  "
"889","Soboniowice Granica Miasta"
"890","Grabówki - Borek Fałęcki"
"891","Wrząsowice Wrzosowa  "
"892","Wrząsowice Centrum  "
"893","Wrząsowice Pileckiego  "
"894","Wrząsowice Kowaleca  "
"895","Wrząsowice  "
"896","Wrząsowice Zielona  "
"897","Świątniki Krakowska  "
"898","Świątniki Urząd Miasta i Gminy"
"899","Świątniki Centrum"
"900","Świątniki Bielowicza Szkoła"
"901","Świątniki Skrzyżowanie  "
"902","Świątniki Górne Piasna Górka  "
"903","Rzeszotary Zalesie  "
"904","Rzeszotary Panciawa  "
"905","Rzeszotary Panciawa Pętla - Borek Fałęcki"
"906","Belwederczyków  "
"907","Trzecia Góra"
"908","Węgrzce Starostwo Powiatowe"
"909","Węgrzce"
"910","Węgrzce Centrum"
"911","Węgrzce Błonie  "
"912","Węgrzce Pętla - Krowodrza Górka"
"913","Balice OSP  "
"914","Balice Leśna  "
"915","Balice Grzybów  "
"916","Burów  "
"917","Burów Centrum"
"918","Kleszczów Pod Lipką  "
"919","Kleszczów - Bronowice Małe"
"920","Tonie Gliniki  "
"921","Modlnica Trojadyn Szydło  "
"922","Giebułtów Trojadyn Trafo  "
"923","Giebułtów Trojadyn  "
"924","Trojadyn Skrzyżowanie  "
"925","Giebułtów - Krowodrza Górka"
"926","Krowodrza Górka - Giebułtów Morgi"
"927","Giebułtów Morgi - Krowodrza Górka"
"928","Krowodrza Górka - Giebułtów"
"929","Łutnia"
"930","Brzegi I"
"931","Brzegi III  "
"932","Grabie Szczurów  "
"933","Grabie Dom Kultury  "
"934","Grabie Kościół  "
"935","Niepołomice Podgrabie  "
"936","Niepołomice Pasternik  "
"937","Niepołomice Kątek  "
"938","Niepołomice Poręby  "
"939","Niepołomice Diesla  "
"940","Niepołomice Wodna  "
"941","Niepołomice Płaszowska I  "
"942","Niepołomice Kościuszki  "
"943","Niepołomice Dworzec - Mały Płaszów"
"944","Brzegi - Mały Płaszów"
"945","Wysiołek Luborzycki Skrzyżowanie  "
"946","Wysiołek Luborzycki  "
"947","Wysiołek Luborzycki Radwany  "
"948","Marszowice Góry  "
"949","Marszowice Centrum  "
"950","Marszowice  "
"951","Polanowice Kolonia  "
"952","Polanowice  "
"953","Niedźwiedź PKP  "
"954","Niedźwiedź Felix  "
"955","Ratajów Skrzyżowanie  "
"956","Słomniki Zagłoby  "
"957","Słomniki Rynek"
"958","Słomniki Kościuszki"
"959","Słomniki Osiedle - Czyżyny Dworzec"
"960","Skawina Zachodnia  "
"961","Skawina Elektrownia  "
"962","Skawina Piłsudskiego"
"963","Skawina Podbory  "
"964","Borek Szlachecki I  "
"965","Borek Szlachecki II  "
"966","Zelczyna I  "
"967","Zelczyna Sklep"
"968","Zelczyna Szkoła  "
"969","Wielkie Drogi  "
"970","Wielkie Drogi PKP  "
"971","Wielkie Drogi Ośrodek Zdrowia  "
"972","Wielkie Drogi Szkoła  "
"973","Wielkie Drogi Trzebol  "
"974","Jaśkowice PKP  "
"975","Jaśkowice  "
"976","Brzeźnica Kuźnia  "
"977","Brzeźnica Pasieka  "
"978","Brzeźnica - Czerwone Maki"
"979","Skawina - Brzeźnica"
"980","Brzeźnica - Skawina"
"981","Krzyszkowice Modrzewiowa  "
"982","Krzyszkowice Krzyszkowicka"
"983","Krzyszkowice Os.Szymanowskiego  "
"984","Wieliczka Solne Miasto"
"985","Wieliczka Sąd"
"986","Wieliczka Klaśnieńska  "
"987","Wieliczka Kopalnia Soli"
"988","Wieliczka Goliana"
"989","Wieliczka Kampus - Centrum JP II"
"990","Wrząsowice Nad Wilgą"
"991","Wrząsowice Pod Skałą  "
"992","Ochojno Dąbrówki"
"993","Ochojno Kamieniec"
"994","Ochojno Skrzyżowanie"
"995","Rzeszotary Górne  "
"996","Rzeszotary Polanki  "
"997","Rzeszotary"
"998","Rzeszotary Tempo  "
"999","Rzeszotary Trafo  "
"1000","Rzeszotary Szkoła  "
"1001","Rzeszotary Pod Dębiną  "
"1002","Świątniki Urząd Miasta i Gminy - Borek Fałęcki"
"1003","Borek Fałęcki - Świątniki Urząd Miasta i Gminy"
"1004","Szczyglice Most  "
"1005","Morawica Mostek  "
"1006","Chrosna Kapliczka  "
"1007","Chrosna Sklep  "
"1008","Chrosna Studnia  "
"1009","Chrosna Pętla - Bronowice Małe"
"1010","Bronowice Małe - Chrosna Pętla"
"1011","Garlica Murowana Podskale  "
"1012","Garlica Murowana Kasztany  "
"1013","Garlica Murowana"
"1014","Garlica Duchowna  "
"1015","Garlica Duchowna Droga do Garliczki"
"1016","Wola Zachariaszowska"
"1017","Wola Zachariaszowska Zakońce"
"1018","Górna Wieś - Krowodrza Górka"
"1019","Kryspinów Sanka  "
"1020","Liszki I  "
"1021","Liszki UG"
"1022","Liszki Krzyżówka"
"1023","Liszki Wołowska Droga  "
"1024","Wyźrał Wielka Droga  "
"1025","Wyźrał Szkoła  "
"1026","Kaszów Wyźrał  "
"1027","Zagacie Witkówki  "
"1028","Zagacie  "
"1029","Czernichów GS  "
"1030","Czernichów"
"1031","Czernichów Zakamycze  "
"1032","Czernichów Ratanice Most  "
"1033","Czernichów Ratanice  "
"1034","Kłokoczyn  "
"1035","Rusocice Łęg  "
"1036","Rusocice Załęg  "
"1037","Rusocice Wieś"
"1038","Rusocice Skład  "
"1039","Rusocice Droga do Kościoła  "
"1040","Rusocice Jałowce  "
"1041","Rusocice Stacja Benzynowa  "
"1042","Kamień Dół  "
"1043","Kamień - Salwator"
"1044","Kamień - Centrum Kongresowe"
"1045","Modlniczka Poligon  "
"1046","Modlniczka I  "
"1047","Modlniczka"
"1048","Modlnica Skrzyżowanie  "
"1049","Modlnica"
"1050","Tomaszowice Wedonka  "
"1051","Tomaszowice I  "
"1052","Tomaszowice"
"1053","Tomaszowice Gliniki  "
"1054","Ujazd Pętla - Bronowice Małe"
"1055","Wysiołek Luborzycki Kapkazy  "
"1056","Łuczyce Las  "
"1057","Łuczyce"
"1058","Łuczyce Zjawienie  "
"1059","Łuczyce Zwierzyniec  "
"1060","Sadowie  "
"1061","Goszcza Cmentarz  "
"1062","Goszcza - Czyżyny Dworzec"
"1063","Skawina"
"1064","Skawina Energetyków Przejazd PKP  "
"1065","Skawina Energetyków  "
"1066","Skawina Robotnicza  "
"1067","Kopanka Kościół  "
"1068","Kopanka Szkoła"
"1069","Skawina Pileckiego"
"1070","Skawina Ofiar Katynia"
"1071","Kopanka Kapliczka  "
"1072","Kopanka Druga  "
"1073","Kopanka Pętla - Borek Fałęcki"
"1074","Ważewskiego"
"1075","Libertów Zgodna  "
"1076","Libertów"
"1077","Libertów Szkoła"
"1078","Libertów Działy  "
"1079","Libertów Krzyżówka"
"1080","Libertów Droga do Sidziny  "
"1081","Brzyczyna"
"1082","Skawina Wyspiańskiego"
"1083","Skawina Korabnicka  "
"1084","Skawina Korabnicka Szkoła  "
"1085","Skawina Podbory - Borek Fałęcki"
"1086","Borek Fałęcki - Ochodza Odwiśle"
"1087","Ochodza Odwiśle - Borek Fałęcki"
"1088","Trojanowice Strugi  "
"1089","Trojanowice"
"1090","Januszowice"
"1091","Przybysławice II"
"1092","Przybysławice III  "
"1093","Przybysławice I  "
"1094","Brzozówka Sklep"
"1095","Brzozówka"
"1096","Owczary  "
"1097","Owczary Pętla - Krowodrza Górka"
"1098","Krowodrza Górka - Owczary Pętla"
"1099","Pasternik Cmentarz  "
"1100","Pasternik  "
"1101","Droga do Rząski  "
"1102","Rząska Jednostka Wojskowa  "
"1103","Rząska UR  "
"1104","Rząska"
"1105","Rząska Autostrada  "
"1106","Modlniczka Mała"
"1107","Zabierzów Działki  "
"1108","Kraków Business Park"
"1109","Zabierzów Sklep"
"1110","Zabierzów Piekarnia"
"1111","Zabierzów I"
"1112","Zabierzów Piaski  "
"1113","Zabierzów Ośrodek Zdrowia"
"1114","Kochanów I  "
"1115","Kochanów"
"1116","Droga do Niegoszowic  "
"1117","Rudawa Stadion  "
"1118","Rudawa PKP"
"1119","Rudawa Kościół"
"1120","Rudawa  "
"1121","Rudawa Młyn  "
"1122","Młynka I  "
"1123","Młynka Pętla - Bronowice Małe"
"1124","Rączna Dzikowiec  "
"1125","Rączna Podlas  "
"1126","Rączna Kościół  "
"1127","Rączna OSP  "
"1128","Rączna Boisko  "
"1129","Jeziorzany Rondo  "
"1130","Jeziorzany Pętla - Salwator"
"1131","Salwator - Jeziorzany Pętla"
"1132","Tonie Kąty  "
"1133","Pękowice - Krowodrza Górka"
"1134","Łuczanowice"
"1135","Krzysztoforzyce Góra  "
"1136","Krzysztoforzyce przy Dworze  "
"1137","Krzysztoforzyce Sklep   "
"1138","Krzysztoforzyce - Kombinat"
"1139","Bieżanów Granica Miasta"
"1140","Czarnochowice I  "
"1141","Kokotów I  "
"1142","Kokotów II  "
"1143","Węgrzce Wielkie II  "
"1144","Węgrzce Wielkie III  "
"1145","Węgrzce Wielkie - Dworzec Płaszów"
"1146","Krzyszkowice Kasztanowa II  "
"1147","Krzyszkowice Kasztanowa I  "
"1148","Krzyszkowice Kościół  "
"1149","Wieliczka Kampus - Czerwone Maki"
"1150","Gaj Szkoła"
"1151","Gaj Zadziele"
"1152","Mogilany Rynek"
"1153","Mogilany Cmentarz  "
"1154","Mogilany Kopce  "
"1155","Chorowice"
"1156","Kulerzów Wąwóz  "
"1157","Kulerzów  "
"1158","Buków Szkoła  "
"1159","Buków Klin  "
"1160","Buków"
"1161","Skawina Bukowska  "
"1162","Bibice Kościuszki"
"1163","Bibice Rynek - Krowodrza Górka"
"1164","Krowodrza Górka - Bibice Rynek"
"1165","Leroy Merlin  "
"1166","Zabierzów Gimnazjum"
"1167","Zabierzów PKP"
"1168","Bolechowice Zielona  "
"1169","Bolechowice Krzewiny  "
"1170","Bolechowice Drogi  "
"1171","Bolechowice"
"1172","Zelków Wola  "
"1173","Zelków Staw"
"1174","Zelków Spławy  "
"1175","Zelków I  "
"1176","Zelków - Bronowice Małe"
"1177","Bronowice Małe - Zelków"
"1178","Skalna  "
"1179","Bielańska  "
"1180","Kryspinów Stopień Wodny  "
"1181","Piekary Na Brzegu  "
"1182","Piekary Korea  "
"1183","Piekary Sklep  "
"1184","Piekary"
"1185","Piekary Borki  "
"1186","Piekary Dół  "
"1187","Liszki Tyniecka  "
"1188","Kaszów Łysa Góra  "
"1189","Kaszów Tyrałówka  "
"1190","Kaszów"
"1191","Kaszów II  "
"1192","Nowa Wieś Kapliczka  "
"1193","Nowa Wieś  "
"1194","Nowa Wieś Kościół  "
"1195","Nowa Wieś Szlachecka"
"1196","Nowa Wieś Jesionka  "
"1197","Przeginia Duchowna Szkoła  "
"1198","Przeginia Duchowna Centrum"
"1199","Przeginia Duchowna Bar  "
"1200","Przeginia Narodowa Bonar  "
"1201","Przeginia Narodowa  "
"1202","Czernichów Bór  "
"1203","Czernichów - Salwator"
"1204","Salwator - Czułówek Kapliczka"
"1205","Batowice Spławy  "
"1206","Batowice Kapliczka"
"1207","Batowice Dłubnia  "
"1208","Raciborowice"
"1209","Raciborowice Granica  "
"1210","Zastów - Prądnik Czerwony"
"1211","Wróżenice"
"1212","Wróżenicka  "
"1213","Czulice I  "
"1214","Czulice - Pleszów"
"1215","Skawina Centrum Sportowe"
"1216","Skawina Radziszowska  "
"1217","Skawina Os.Radziszowskie  "
"1218","Skawina Nad Potokiem  "
"1219","Radziszów Kamionna  "
"1220","Radziszów Centrum"
"1221","Radziszów Zadworze  "
"1222","Radziszów Włosanka  "
"1223","Radziszów Podlesie  "
"1224","Radziszów Leśniczówka  "
"1225","Radziszów Stare Sanatorium  "
"1226","Radziszów Pętla - Czerwone Maki"
"1227","Libertów Dolny  "
"1228","Lusina Granica"
"1229","Lusina  "
"1230","Lusina Dwór"
"1231","Lusina Spacerowa"
"1232","Lusina Szkoła"
"1233","Lusina Łany  "
"1234","Lusina Pętla"
"1235","Gaj Kwiatowa  "
"1236","Gaj Rudawa  "
"1237","Gaj Zgody  "
"1238","Gaj Zadziele - Borek Fałęcki"
"1239","Lusina Pętla - Borek Fałęcki"
"1240","Bibice  "
"1241","Michałowice Komora  "
"1242","Michałowice Banasiówka  "
"1243","Michałowice Kwiaty Polne  "
"1244","Michałowice Brzozowa  "
"1245","Michałowice Las Michałowski  "
"1246","Michałowice Ujęcie Wody  "
"1247","Michałowice Ośrodek Zdrowia"
"1248","Michałowice II  "
"1249","Warszówka  "
"1250","Laskowiec  "
"1251","Michałowice Gościniec  "
"1252","Kozierów Skrzyżowanie  "
"1253","Narama Remiza - Nowy Kleparz"
"1254","Zabierzów"
"1255","Skała Kmity  "
"1256","Brzoskwinia Koziary  "
"1257","Brzoskwinia Góra  "
"1258","Brzoskwinia Sklep"
"1259","Brzoskwinia Kamyk  "
"1260","Brzoskwinia"
"1261","Nielepice Stadnina  "
"1262","Nielepice - Bronowice Małe"
"1263","Bronowice Małe - Nielepice"
"1264","Piekary Pałac  "
"1265","Piekary Górne"
"1266","Piekary III  "
"1267","Rączna Kapliczka  "
"1268","Rączna Osiedle  "
"1269","Dąbrowa Szlachecka Krzyż  "
"1270","Dąbrowa Szlachecka Figurka  "
"1271","Dąbrowa Szlachecka  "
"1272","Dąbrowa Szlachecka Krzemiennik  "
"1273","Wołowice Szkoła"
"1274","Wołowice  "
"1275","Wołowice Kapliczka  "
"1276","Wołowice Sklep  "
"1277","Wołowice Pichonówka  "
"1278","Wołowice Niwa  "
"1279","Czernichów Stacja Paliw  "
"1280","Salwator - Czernichów"
"1281","Raciborowice Centrum"
"1282","Kończyce"
"1283","Książniczki Boisko  "
"1284","Książniczki Centrum"
"1285","Książniczki Las  "
"1286","Młodziejowice Młyn  "
"1287","Młodziejowice Park"
"1288","Michałowice Ogrodowa  "
"1289","Michałowice  "
"1290","Michałowice I"
"1291","Michałowice Koźlica  "
"1292","Masłomiąca Staw  "
"1293","Masłomiąca  "
"1294","Więcławice Stare  "
"1295","Sieborowice  "
"1296","Zagórzyce Stare  "
"1297","Zagórzyce Dworskie"
"1298","Więcławice Stare Wysyłek  "
"1299","Pielgrzymowice Granica  "
"1300","Pielgrzymowice  "
"1301","Pielgrzymowice Pętla - Prądnik Czerwony"
"1302","Rzozów Skotnica  "
"1303","Rzozów Zagonnie  "
"1304","Rzozów PKP  "
"1305","Radziszów Kładka  "
"1306","Radziszów Zacisze  "
"1307","Radziszów Podwale  "
"1308","Radziszów Zawodzie  "
"1309","Radziszów PKP"
"1310","Wola Radziszowska Łęg  "
"1311","Wola Radziszowska Mała Ostra Góra  "
"1312","Wola Radziszowska Most  "
"1313","Wola Radziszowska Lipki  "
"1314","Wola Radziszowska Podgaźle  "
"1315","Wola Radziszowska Centrum"
"1316","Wola Radziszowska Chorzyny  "
"1317","Wola Radziszowska - Czerwone Maki"
"1318","Pytlasińskiego"
"1319","Chałubińskiego  "
"1320","Krakówka  "
"1321","Lusina Dolna  "
"1322","Lusina Zagrody  "
"1323","Lusina Kraśnik  "
"1324","Lusina Dobrzyczany  "
"1325","Lusina Górka  "
"1326","Lusina Zielona"
"1327","Konary - Borek Fałęcki"
"1328","Witkowice"
"1329","Os.Marszowiec"
"1330","Zielonki Marszowiec Pętla"
"1331","Zielonki Galicyjska  "
"1332","Korzkiew Botoja  "
"1333","Korzkiew Zamek  "
"1334","Grębynice OSP  "
"1335","Grębynice  "
"1336","Grębynice Mogiełki  "
"1337","Maszyce  "
"1338","Maszyce Remiza  "
"1339","Maszyce Skrzyżowanie  "
"1340","Smardzowice Wołówka  "
"1341","Smardzowice - Krowodrza Górka"
"1342","Modlniczka Trzcie  "
"1343","Brzezie Działki  "
"1344","Brzezie Narodowe  "
"1345","Brzezie  "
"1346","Ujazd Pętla"
"1347","Brzezie Kulka  "
"1348","Zabierzów Młyn"
"1349","Karniowice I  "
"1350","Karniowice - Bronowice Małe"
"1351","Bronowice Małe - Radwanowice Pętla"
"1352","Budzyń Plaża Główna  "
"1353","Budzyń Zalew Budzyński  "
"1354","Cholerzyn  "
"1355","Cholerzyn Sklep  "
"1356","Cholerzyn Skrzyżowanie  "
"1357","Cholerzyn Granica  "
"1358","Mników Dziady  "
"1359","Mników Droga do Kaszowa  "
"1360","Mników Sklep  "
"1361","Czułów  "
"1362","Czułów Droga na Czułówek  "
"1363","Czułów Szkoła"
"1364","Sanka Skrzyżowanie  "
"1365","Rybna Nowy Świat"
"1366","Rybna Nowy Świat Góra  "
"1367","Rybna Szkoła  "
"1368","Rybna"
"1369","Rybna Dół  "
"1370","Rybna Ośrodek Zdrowia  "
"1371","Rybna Granica  "
"1372","Przeginia Duchowna  "
"1373","Czułówek  "
"1374","Czułówek Kapliczka - Salwator"
"1375","Salwator - Rybna Dolna"
"1376","Rybna Dolna - Salwator"
"1377","Zastów"
"1378","Zastów Działki  "
"1379","Wiktorowice Skrzyżowanie  "
"1380","Wiktorowice Centrum  "
"1381","Wiktorowice Granica  "
"1382","Skawina PKP"
"1383","Radziszów Cmentarz  "
"1384","Radziszów Za Mogiłką  "
"1385","Jurczyce Podole  "
"1386","Jurczyce Szkoła  "
"1387","Jurczyce Dom Ludowy"
"1388","Grabie Kuźnia  "
"1389","Grabie - Skawina PKP"
"1390","Mogilany Cicha  "
"1391","Mogilany Wiadukt  "
"1392","Mogilany Włosań  "
"1393","Konary Włosań  "
"1394","Włosań Kopań  "
"1395","Włosań Krzyżówka  "
"1396","Włosań - Borek Fałęcki"
"1397","Borek Fałęcki - Włosań"
"1398","Michałowice Lecznica  "
"1399","Michałowice Górna  "
"1400","Michałowice Michałówka  "
"1401","Żerkowice Kolonia  "
"1402","Żerkowice Skrzyżowanie  "
"1403","Krasieniec Stary  "
"1404","Krasieniec Remiza  "
"1405","Krasieniec Pod Lipą"
"1406","Krasieniec Zakupny"
"1407","Iwanowice - Nowy Kleparz"
"1408","Bolechowice Zielona Mała  "
"1409","Więckowice Lipka  "
"1410","Więckowice  "
"1411","Kobylany"
"1412","Kobylany Remiza  "
"1413","Kobylany I  "
"1414","Brzezinka Zarzecze  "
"1415","Brzezinka"
"1416","Brzezinka Skrzyżowanie"
"1417","Rudawa Bloki  "
"1418","Radwanowice I  "
"1419","Radwanowice Pętla"
"1420","Radwanowice II  "
"1421","Dubie Skrzyżowanie  "
"1422","Pisary Kasztanowa  "
"1423","Pisary  "
"1424","Pisary Dwór  "
"1425","Pisary Kiosk  "
"1426","Pisary Mleczarnia  "
"1427","Rudawa Szkoła"
"1428","Młynka  "
"1429","Pisary Skrzyżowanie  "
"1430","Nawojowa Góra I  "
"1431","Nawojowa Góra II  "
"1432","Krzeszowice Witaminka  "
"1433","Krzeszowice - Bronowice Małe"
"1434","Bibice Rynek"
"1435","Bibice Na Czekaj"
"1436","Wola Zachariaszowska Kresy"
"1437","Górna Wieś"
"1438","Garlica Duchowna Rozjazd"
"1439","Garliczka Chochół  "
"1440","Owczary Górna  "
"1441","Owczary Gajowa  "
"1442","Owczary Długa  "
"1443","Owczary Pętla - Nowy Kleparz"
"1444","Skawina - Czerwone Maki"
"1445","Mogilany Ośrodek Zdrowia  "
"1446","Konary Sęk  "
"1447","Świątniki Buk  "
"1448","Ochojno Remiza - Borek Fałęcki"
"1449","Zielonki Marszowiec Pętla - Krowodrza Górka"
"1450","Olszanica  "
"1451","Olszanica Ogródki Działkowe  "
"1452","Olszanica Bory"
"1453","Bibice Cmentarz  "
"1454","Węgrzce Centrum Medyczne  "
"1455","Węgrzce Magiczne Wzgórze  "
"1456","Węgrzce Bosutów Sudół  "
"1457","Węgrzce Bosutów  "
"1458","Bosutów Dziekanowice  "
"1459","Bosutów Krakowska  "
"1460","Bosutów Straż"
"1461","Bosutów - Krowodrza Górka"
"1462","Krowodrza Górka - Bosutów"
"1463","Zabawa I  "
"1464","Zabawa  "
"1465","Mała Wieś  "
"1466","Sułków  "
"1467","Ochmanów Oknoplast  "
"1468","Zakrzów  "
"1469","Podłęże Balachówka  "
"1470","Podłęże Straż  "
"1471","Podłęże Centrum  "
"1472","Staniątki Wiadukt  "
"1473","Niepołomice Wielicka  "
"1474","Niepołomice Boryczów  "
"1475","Niepołomice Dworzec - Dworzec Płaszów"
"1476","Wieliczka Park"
"1477","Wieliczka Rynek"
"1478","Wieliczka Os.Asnyka"
"1479","Wieliczka Kampus - Dworzec Główny Zachód"
"1480","Przegorzały UJ - Cracovia Stadion"
"1481","Szpital Okulistyczny"
"1482","Zakole"
"1483","Ugorek - Os.Podwawelskie"
"1484","Skarżyńskiego - Dworzec Główny Zachód"
"1485","Mydlniki - Czyżyny Dworzec"
"1486","Zawiszy"
"1487","Mistrzejowice - Dworzec Główny Wschód"
"1488","Chełmońskiego Osiedle - Kombinat"
"1489","Aleja Przyjaźni - Chełmońskiego Osiedle"
"1490","Chełmońskiego Osiedle - Aleja Przyjaźni"
"1491","Cracovia Stadion - Plac Centralny im. R.Reagana"
"1492","Aleksandry"
"1493","Górka Narodowa - Nowy Bieżanów Południe"
"1494","Millana  "
"1495","Cracovia Stadion - Centrum JP II"
"1496","Bronowice Małe - Kombinat"
"1497","Chopina"
"1498","Aleja Przyjaźni - Mydlniki"
"1499","Most Kotlarski"
"1500","Bielany - Zajezdnia Płaszów"
"1501","Pod Fortem - Czyżyny Dworzec"
"1502","Borek Fałęcki - Prądnik Czerwony"
"1503","Cichy Kącik - Mistrzejowice"
"1504","Prądnicka"
"1505","Górka Narodowa Wschód - Dworzec Towarowy"
"1506","Rondo Kocmyrzowskie im. Ks. Gorzelanego - Aleja Przyjaźni"
"1507","Złocień - Powstańców Wielkopolskich"
"1508","Krowodrza Górka - Nowy Bieżanów"
"1509","Dworzec Główny - Krowodrza Górka"
"1510","Pleszów - Kombinat"
"1511","Wieliczka Kampus - Prądnik Biały"
"1512","Świątniki Urząd Miasta i Gminy - Łagiewniki"
